date,timestamp,Energy 1,Energy 2,Energy 3,Energy 4,Energy 5,Heating Degree Data,Date,12.5,13,13.5,14,14.5,15,15.5,16,16.5,17,17.5,18,18.5,% Estimated
01/09/2015 00:00,1441058400,201868.1605,10979.86914,29673.2848,6494.956919,94277.37756,,01/09/2015,0,0,0,0,0,0,0,0,0,0.1,0.2,0.4,0.7,0
02/09/2015 00:00,1441144800,475056.2663,21746.17104,84019.86823,14139.40815,215847.3932,,02/09/2015,0,0,0.1,0.2,0.3,0.5,0.8,1,1.3,1.6,2,2.4,2.8,0
03/09/2015 00:00,1441231200,468251.4275,19629.34272,81733.44239,13325.96819,213504.4349,,03/09/2015,0.1,0.2,0.5,0.7,1,1.3,1.6,2,2.4,2.9,3.3,3.8,4.3,0
04/09/2015 00:00,1441317600,467885.0131,29026.30167,69421.91864,14409.5079,213033.3307,,04/09/2015,0.7,1,1.2,1.5,1.7,1.9,2.2,2.6,3.1,3.5,4,4.5,5,0
05/09/2015 00:00,1441404000,373297.7536,20433.3606,29817.75677,13844.18283,186218.0782,,05/09/2015,0,0,0,0.1,0.2,0.5,0.8,1.3,1.8,2.3,2.8,3.3,3.8,0
06/09/2015 00:00,1441490400,387378.5355,24233.60135,27167.01032,14550.83917,191896.4544,,06/09/2015,0,0,0,0,0.2,0.4,0.7,1.2,1.7,2.2,2.7,3.2,3.7,0
07/09/2015 00:00,1441576800,476129.337,22418.27973,75923.15695,14613.65307,224302.1437,,07/09/2015,0,0,0,0.1,0.1,0.1,0.3,0.7,1.2,1.7,2.2,2.7,3.2,0
08/09/2015 00:00,1441663200,503034.6228,26513.7458,85778.65734,14513.15083,224113.7021,,08/09/2015,0,0,0,0,0,0,0.2,0.5,0.9,1.4,1.9,2.4,2.9,0
09/09/2015 00:00,1441749600,467649.461,26036.36018,80640.48059,14186.51857,211544.6413,,09/09/2015,0,0,0,0,0,0.2,0.3,0.7,1.2,1.7,2.2,2.7,3.2,0
10/09/2015 00:00,1441836000,499841.583,31017.50219,86683.17745,14293.30219,228824.7443,,10/09/2015,0,0,0,0,0,0.2,0.3,0.6,0.8,1.3,1.8,2.3,2.8,0
11/09/2015 00:00,1441922400,479034.4797,25295.1562,86023.63154,14214.78482,211934.0875,,11/09/2015,0,0,0,0,0,0,0,0.1,0.3,0.8,1.3,1.8,2.3,0
12/09/2015 00:00,1442008800,426009.0819,49302.62752,36978.54099,14315.28706,202103.7126,,12/09/2015,0,0,0,0,0,0,0.1,0.2,0.4,0.8,1.3,1.8,2.3,0
13/09/2015 00:00,1442095200,409965.3658,28674.54385,36708.44123,14161.39301,202725.5702,,13/09/2015,0,0,0,0,0,0,0.1,0.3,0.6,1.1,1.6,2.1,2.6,0
14/09/2015 00:00,1442181600,520701.0312,26821.53389,90722.11101,14550.83917,237983.0104,,14/09/2015,0,0,0,0,0,0,0,0,0.1,0.4,0.8,1.3,1.8,0
15/09/2015 00:00,1442268000,486729.1821,31683.3295,82864.09253,14045.1873,223058.4286,,15/09/2015,0.1,0.2,0.4,0.6,0.9,1.2,1.6,2,2.4,2.9,3.4,3.9,4.4,0
16/09/2015 00:00,1442354400,531955.1877,39943.35691,96808.7776,14070.31286,225432.7939,,16/09/2015,0.1,0.2,0.3,0.4,0.6,0.8,1,1.3,1.7,2.2,2.7,3.2,3.7,0
17/09/2015 00:00,1442440800,530280.1505,36808.94347,89239.70305,14374.96026,221494.3626,,17/09/2015,0,0,0,0,0,0,0,0.1,0.1,0.3,0.5,0.8,1.2,0
18/09/2015 00:00,1442527200,505206.9367,32864.23076,88599.0013,13655.74114,227530.778,,18/09/2015,0,0,0,0.1,0.2,0.5,0.8,1.2,1.6,2,2.4,2.9,3.4,0
19/09/2015 00:00,1442613600,403108.1821,25778.82321,43165.70981,13781.36894,193667.8063,,19/09/2015,0,0,0,0.1,0.2,0.5,0.9,1.4,1.9,2.4,2.9,3.4,3.9,0
20/09/2015 00:00,1442700000,387901.9846,22317.7775,41143.10234,14205.36274,193510.7716,,20/09/2015,0,0,0.2,0.5,0.9,1.3,1.7,2.2,2.7,3.2,3.7,4.2,4.7,0
21/09/2015 00:00,1442786400,498323.5805,31281.32056,96683.14981,13815.91658,224182.7973,,21/09/2015,0,0.3,0.6,0.9,1.3,1.8,2.2,2.7,3.2,3.7,4.2,4.7,5.2,0
22/09/2015 00:00,1442872800,509708.5993,34497.39207,106701.9663,13731.11782,213114.9887,,22/09/2015,0.2,0.7,1.2,1.7,2.2,2.7,3.2,3.7,4.2,4.7,5.2,5.7,6.2,0
23/09/2015 00:00,1442959200,503845.9689,33542.62084,100703.2392,14362.39748,219220.4995,,23/09/2015,0.2,0.7,1.2,1.7,2.2,2.7,3.2,3.7,4.2,4.7,5.2,5.7,6.2,0
24/09/2015 00:00,1443045600,480029.0331,31193.3811,90822.61324,14359.25679,212122.5292,,24/09/2015,0.1,0.3,0.5,0.7,0.9,1.2,1.5,1.9,2.4,2.9,3.4,3.9,4.4,0
25/09/2015 00:00,1443132000,458907.8603,24880.58448,79283.70042,13875.58978,206010.737,,25/09/2015,0.1,0.1,0.2,0.2,0.3,0.4,0.6,1.1,1.5,2,2.5,3,3.5,0
26/09/2015 00:00,1443218400,423365.6638,24472.29416,44981.03143,14302.72428,196230.6133,,26/09/2015,0.1,0.1,0.1,0.2,0.2,0.4,0.8,1.3,1.8,2.3,2.8,3.3,3.8,0
27/09/2015 00:00,1443304800,419151.8982,28950.92499,42336.56638,14802.09476,205709.2303,,27/09/2015,0.1,0.1,0.2,0.2,0.3,0.5,0.8,1.3,1.8,2.3,2.8,3.3,3.8,0
28/09/2015 00:00,1443391200,512692.2594,28329.06741,90941.95965,14689.02974,234967.9434,,28/09/2015,0,0.1,0.1,0.2,0.2,0.3,0.5,1,1.4,1.9,2.4,2.9,3.4,0
29/09/2015 00:00,1443477600,524234.3129,33611.71613,86695.74023,14440.91485,238956.6258,,29/09/2015,0,0.1,0.1,0.2,0.3,0.5,0.8,1.3,1.8,2.3,2.8,3.3,3.8,0
30/09/2015 00:00,1443564000,496779.4056,23743.65295,80514.8528,14151.97093,235614.9265,,30/09/2015,0.5,0.6,0.7,0.8,0.9,1.4,1.8,2.3,2.7,3.2,3.6,4.1,4.5,0
01/10/2015 00:00,1443650400,550406.7699,38341.60255,98152.99499,14996.81784,240011.8993,,01/10/2015,0.1,0.2,0.3,0.4,0.6,1.1,1.6,2.1,2.6,3.1,3.6,4.1,4.6,0
02/10/2015 00:00,1443736800,525647.6256,34999.90324,82317.61163,14638.77863,227700.3756,,02/10/2015,0,0.1,0.1,0.2,0.3,0.5,0.8,1.1,1.5,1.9,2.4,2.9,3.4,0
03/10/2015 00:00,1443823200,430301.3649,29428.31061,41256.16736,14092.29773,190269.5745,,03/10/2015,2.2,2.4,2.7,2.9,3.2,3.5,3.7,4,4.5,5,5.5,6,6.5,0
04/10/2015 00:00,1443909600,436661.2719,32795.13547,44968.46865,13856.74561,184509.5402,,04/10/2015,3.2,3.5,3.7,4,4.3,4.6,4.9,5.1,5.4,5.7,6,6.2,6.5,0
05/10/2015 00:00,1443996000,541926.8938,42399.38028,93021.09963,15059.63173,233102.3707,,05/10/2015,0,0,0,0,0,0,0,0,0,0,0,0,0,0
06/10/2015 00:00,1444082400,538053.3702,40665.71673,92637.93486,14729.85878,231243.0793,,06/10/2015,0,0,0,0,0,0.3,0.5,0.8,1.1,1.4,1.7,1.9,2.2,0
07/10/2015 00:00,1444168800,582886.789,60351.59195,100665.5509,14698.45183,233673.9771,,07/10/2015,0,0,0,0,0.1,0.6,1.1,1.6,2.1,2.6,3.1,3.6,4.1,0
08/10/2015 00:00,1444255200,619371.194,57273.71101,116224.5531,15386.264,231946.595,,08/10/2015,0,0,0,0,0.1,0.6,1.1,1.6,2.1,2.6,3.1,3.6,4.1,0
09/10/2015 00:00,1444341600,550354.425,37166.98268,94673.10511,14142.54884,232511.92,,09/10/2015,0.7,1,1.2,1.5,1.8,2.3,2.8,3.3,3.8,4.3,4.8,5.3,5.8,0
10/10/2015 00:00,1444428000,467283.0466,48228.50989,47367.9595,13709.13296,207738.1192,,10/10/2015,2,2.5,3,3.5,4,4.5,5,5.5,6,6.5,7,7.5,8,0
11/10/2015 00:00,1444514400,501804.5173,58467.17505,54396.83455,14170.8151,212304.6895,,11/10/2015,2.5,3,3.5,4,4.5,5,5.5,6,6.5,7,7.5,8,8.5,0
12/10/2015 00:00,1444600800,591340.4926,54811.40626,93642.95721,13906.99673,229741.8272,,12/10/2015,3.4,3.9,4.4,4.9,5.4,5.9,6.4,6.9,7.4,7.9,8.4,8.9,9.4,0
13/10/2015 00:00,1444687200,573647.9116,63391.78455,82060.07465,13244.31012,228466.7051,,13/10/2015,3.9,4.4,4.9,5.4,5.9,6.4,6.9,7.4,7.9,8.4,8.9,9.4,9.9,0
14/10/2015 00:00,1444773600,587179.0719,52776.23601,90131.66038,13369.93791,230037.0525,,14/10/2015,3.7,4.2,4.7,5.2,5.7,6.2,6.7,7.2,7.7,8.2,8.7,9.2,9.7,47
15/10/2015 00:00,1444860000,598537.9182,59930.73885,89691.9631,14073.45356,220765.7214,,15/10/2015,2,2.5,3,3.5,4,4.5,5,5.5,6,6.5,7,7.5,8,0
16/10/2015 00:00,1444946400,588199.7977,66105.34489,93705.7711,15288.90246,229911.4247,,16/10/2015,0.7,1.2,1.7,2.2,2.7,3.2,3.7,4.2,4.7,5.2,5.7,6.2,6.7,0
17/10/2015 00:00,1445032800,480212.2403,52204.62955,37550.14745,14123.70467,200319.798,,17/10/2015,1.1,1.6,2.1,2.6,3.1,3.6,4.1,4.6,5.1,5.6,6.1,6.6,7.1,0
18/10/2015 00:00,1445119200,502485.0012,60847.82174,32989.85855,13881.87117,205866.2651,,18/10/2015,1.8,2.3,2.8,3.3,3.8,4.3,4.8,5.3,5.8,6.3,6.8,7.3,7.8,0
19/10/2015 00:00,1445205600,565403.5877,68322.67544,76538.73313,12980.49175,225294.6033,,19/10/2015,3.3,3.8,4.3,4.8,5.3,5.8,6.3,6.8,7.3,7.8,8.3,8.8,9.3,0
20/10/2015 00:00,1445292000,552395.8766,45087.81505,91645.47529,13960.38854,217009.4503,,20/10/2015,3.3,3.8,4.3,4.8,5.3,5.8,6.3,6.8,7.3,7.8,8.3,8.8,9.3,0
21/10/2015 00:00,1445378400,569407.9736,34811.46155,116155.4578,13567.80169,223121.2425,,21/10/2015,2,2.5,3,3.5,4,4.5,5,5.5,6,6.5,7,7.5,8,0
22/10/2015 00:00,1445464800,579746.0941,53712.16307,103083.8859,12964.78828,227040.8296,,22/10/2015,1.6,2.1,2.6,3.1,3.6,4.1,4.6,5.1,5.6,6.1,6.6,7.1,7.6,0
23/10/2015 00:00,1445551200,548260.6284,57116.67627,68278.70572,14337.27192,227618.7175,,23/10/2015,1.1,1.6,2,2.5,3,3.5,4,4.5,5,5.5,6,6.5,7,0
24/10/2015 00:00,1445637600,473040.9871,52895.58241,39082.80653,13442.17389,206626.3132,,24/10/2015,2.3,2.8,3.3,3.8,4.3,4.8,5.3,5.8,6.3,6.8,7.3,7.8,8.3,0
25/10/2015 00:00,1445724000,451239.3304,49114.18583,38793.8626,13099.83816,203221.8,,25/10/2015,1.8,2.4,2.9,3.4,3.9,4.4,5,5.5,6,6.5,7.1,7.6,8.1,0
25/10/2015 23:00,1445810400,546350.039,30188.35876,90502.26237,11237.40612,235470.4546,,26/10/2015,4.3,4.8,5.3,5.8,6.3,6.8,7.3,7.8,8.3,8.8,9.3,9.8,10.3,0
26/10/2015 23:00,1445896800,551218.116,55671.95665,70263.62485,13504.98779,225464.2008,,27/10/2015,2.9,3.4,3.9,4.4,4.9,5.4,5.9,6.4,6.9,7.4,7.9,8.4,8.9,0
27/10/2015 23:00,1445983200,564644.5865,32022.52454,103310.0159,12443.43294,236506.8839,,28/10/2015,1.8,2.3,2.8,3.3,3.8,4.3,4.8,5.3,5.8,6.3,6.8,7.3,7.8,0
28/10/2015 23:00,1446069600,551113.4262,38724.76732,92449.49317,11947.20315,233315.9379,,29/10/2015,3.1,3.6,4.1,4.6,5.1,5.6,6.1,6.6,7.1,7.6,8.1,8.6,9.1,0
29/10/2015 23:00,1446156000,539152.6134,46105.40018,78906.81704,12182.75527,227574.7478,,30/10/2015,2.8,3.3,3.8,4.3,4.8,5.3,5.8,6.3,6.8,7.3,7.8,8.3,8.8,0
30/10/2015 23:00,1446242400,469533.8779,74038.74005,31589.10865,13159.51136,194258.2569,,31/10/2015,1.9,2.4,2.9,3.4,3.9,4.4,4.9,5.4,5.9,6.4,6.9,7.4,7.9,0
31/10/2015 23:00,1446328800,461996.2103,55295.07327,31846.64563,12346.0714,195099.9632,,01/11/2015,1.7,2.2,2.7,3.2,3.7,4.2,4.7,5.2,5.7,6.2,6.7,7.2,7.7,0
01/11/2015 23:00,1446415200,585582.552,57713.40829,87279.90947,12515.66892,241412.6492,,02/11/2015,1.7,2.2,2.7,3.2,3.7,4.2,4.7,5.2,5.7,6.2,6.7,7.2,7.7,0
02/11/2015 23:00,1446501600,558520.2315,46199.62103,76356.57283,9886.907341,242204.1043,,03/11/2015,1.7,2.2,2.7,3.2,3.7,4.2,4.7,5.2,5.7,6.2,6.7,7.2,7.7,0
03/11/2015 23:00,1446588000,585451.6897,23074396.01,82091.4816,9827.234139,244101.084,,04/11/2015,1.7,2.2,2.7,3.2,3.7,4.2,4.7,5.2,5.7,6.2,6.7,7.2,7.7,0
04/11/2015 23:00,1446674400,567209.4872,45891.83293,80150.53219,12792.05006,224961.6897,,05/11/2015,1.4,1.9,2.4,2.9,3.3,3.8,4.3,4.8,5.3,5.8,6.3,6.8,7.3,0
05/11/2015 23:00,1446760800,563728.5505,44748.62001,88492.21768,13520.69127,233045.8382,,06/11/2015,1.2,1.7,2.2,2.7,3.2,3.7,4.2,4.7,5.2,5.7,6.2,6.7,7.2,0
06/11/2015 23:00,1446847200,477935.2365,59842.79939,47594.08953,13548.95752,194930.3656,,07/11/2015,0.5,0.7,0.9,1.1,1.3,1.6,1.8,2,2.2,2.4,2.6,2.8,3,0
07/11/2015 23:00,1446933600,489137.0481,58460.89366,50288.8057,13913.27812,200859.9975,,08/11/2015,0.6,0.9,1.2,1.5,1.8,2.1,2.4,2.7,3,3.3,3.6,3.9,4.2,0
08/11/2015 23:00,1447020000,578097.2293,57229.74129,95759.78553,14195.94066,228969.2163,,09/11/2015,1.2,1.7,2.2,2.7,3.2,3.7,4.2,4.7,5.2,5.7,6.2,6.7,7.2,0
09/11/2015 23:00,1447106400,572888.9104,50571.46824,105049.9608,13969.81063,221758.1809,,10/11/2015,0.5,0.8,1,1.2,1.5,2,2.5,3,3.5,4,4.5,5,5.5,0
10/11/2015 23:00,1447192800,585268.4825,63448.31706,91387.93831,13574.08308,225570.9845,,11/11/2015,0,0,0,0.1,0.5,1,1.5,2,2.5,3,3.5,4,4.5,0
11/11/2015 23:00,1447279200,588252.1426,59296.31849,114340.1362,13225.46595,219949.1407,,12/11/2015,0.2,0.5,0.8,1.2,1.7,2.2,2.7,3.2,3.7,4.2,4.7,5.2,5.7,0
12/11/2015 23:00,1447365600,562001.1683,51199.6072,86293.73129,12782.62798,231186.5468,,13/11/2015,0.8,1.3,1.8,2.3,2.8,3.3,3.8,4.3,4.8,5.3,5.8,6.3,6.8,0
13/11/2015 23:00,1447452000,466497.8729,47562.68258,41953.40161,11743.05799,198202.9697,,14/11/2015,2.6,3.1,3.6,4.1,4.6,5.1,5.6,6.1,6.6,7.1,7.6,8.1,8.6,0
14/11/2015 23:00,1447538400,504474.1079,58146.82418,36482.31121,12556.49795,205395.1608,,15/11/2015,3.3,3.8,4.3,4.8,5.3,5.8,6.3,6.8,7.3,7.8,8.3,8.8,9.3,0
15/11/2015 23:00,1447624800,607017.7943,72700.80405,74704.56735,13288.27985,229113.6882,,16/11/2015,3.3,3.8,4.3,4.8,5.3,5.8,6.3,6.8,7.3,7.8,8.3,8.8,9.3,0
16/11/2015 23:00,1447711200,583671.9627,42104.15496,96513.55229,13140.66719,223240.5889,,17/11/2015,2.8,3.3,3.8,4.3,4.8,5.3,5.8,6.3,6.8,7.3,7.8,8.3,8.8,0
17/11/2015 23:00,1447797600,573569.3943,62895.55477,88360.30849,13272.57637,228246.8565,,18/11/2015,2.3,2.8,3.3,3.8,4.3,4.8,5.3,5.8,6.3,6.8,7.3,7.8,8.3,0
18/11/2015 23:00,1447884000,589403.7307,47449.61757,93756.02222,13234.88804,226406.4093,,19/11/2015,2.2,2.7,3.2,3.7,4.2,4.7,5.2,5.7,6.2,6.7,7.2,7.7,8.2,0
19/11/2015 23:00,1447970400,611964.3886,67355.34144,102166.803,11149.46666,233812.1677,,20/11/2015,2.2,2.7,3.2,3.7,4.2,4.7,5.2,5.7,6.2,6.7,7.2,7.7,8.2,0
20/11/2015 23:00,1448056800,480604.8272,56570.19537,36023.76976,7870.581257,201287.132,,21/11/2015,2.2,2.7,3.2,3.7,4.2,4.7,5.2,5.7,6.2,6.7,7.2,7.7,8.2,0
21/11/2015 23:00,1448143200,495339.9204,51626.7417,59258.63015,5722.34599,210282.082,,22/11/2015,4.9,5.4,5.9,6.4,6.9,7.4,7.9,8.4,8.9,9.4,9.9,10.4,10.9,0
22/11/2015 23:00,1448229600,604243.5138,53938.2931,115225.8121,7270.708543,231261.9235,,23/11/2015,9.1,9.6,10.1,10.6,11.1,11.6,12.1,12.6,13.1,13.6,14.1,14.6,15.1,0
23/11/2015 23:00,1448316000,628217.4844,61614.15128,111136.6274,8369.951736,241663.9048,,24/11/2015,10,10.5,11,11.5,12,12.5,13,13.5,14,14.5,15,15.5,16,0
24/11/2015 23:00,1448402400,586760.3126,33806.43921,132895.3613,7418.321201,238780.7469,,25/11/2015,10,10.5,11,11.5,12,12.5,13,13.5,14,14.5,15,15.5,16,0
25/11/2015 23:00,1448488800,671166.4863,55232.25937,146544.821,8464.172581,235520.7057,,26/11/2015,7.8,8.3,8.8,9.3,9.8,10.3,10.8,11.3,11.8,12.3,12.8,13.3,13.8,0
26/11/2015 23:00,1448575200,644130.3382,45822.73765,134647.869,9462.913538,238950.3445,,27/11/2015,7,7.5,8,8.5,9,9.5,10,10.5,11,11.5,12,12.5,13,0
27/11/2015 23:00,1448661600,548941.1123,54723.46681,92060.04701,8065.304337,214798.4012,,28/11/2015,7,7.5,8,8.5,9,9.5,10,10.5,11,11.5,12,12.5,13,0
28/11/2015 23:00,1448748000,567654.419,40854.15842,98806.25952,10879.36691,220527.0285,,29/11/2015,5.7,6.2,6.7,7.2,7.7,8.2,8.7,9.2,9.7,10.2,10.7,11.2,11.7,0
29/11/2015 23:00,1448834400,621543.5079,40860.43981,124465.7363,9824.093445,249936.495,,30/11/2015,5.7,6.2,6.7,7.2,7.7,8.2,8.7,9.2,9.7,10.2,10.7,11.2,11.7,0
30/11/2015 23:00,1448920800,613273.0115,49001.12082,127443.115,9742.435379,236764.4208,,01/12/2015,6.1,6.6,7.1,7.6,8.1,8.6,9.1,9.6,10.1,10.6,11.1,11.6,12.1,0
01/12/2015 23:00,1449007200,594376.4976,57650.59439,103630.3668,11457.25476,232367.4481,,02/12/2015,6,6.5,7,7.5,8,8.5,9,9.5,10,10.5,11,11.5,12,0
02/12/2015 23:00,1449093600,605447.4469,61670.68378,84158.0588,14192.79996,225929.0237,,03/12/2015,6,6.5,7,7.5,8,8.5,9,9.5,10,10.5,11,11.5,12,0
03/12/2015 23:00,1449180000,578987.0929,52707.14072,69578.95338,15113.02355,238925.2189,,04/12/2015,4.6,5.1,5.6,6.1,6.6,7.1,7.6,8.1,8.6,9.1,9.6,10.1,10.6,0
04/12/2015 23:00,1449266400,487331.1486,61947.06493,24252.44552,13690.28879,203441.6486,,05/12/2015,3.5,4,4.5,5,5.5,6,6.5,7,7.5,8,8.5,9,9.5,0
05/12/2015 23:00,1449352800,460137.9658,59271.19293,21953.4569,12930.24064,197103.7265,,06/12/2015,3.5,4,4.5,5,5.5,6,6.5,7,7.5,8,8.5,9,9.5,0
06/12/2015 23:00,1449439200,576029.6052,47876.75207,80050.02996,14349.8347,241381.2423,,07/12/2015,4.8,5.3,5.8,6.3,6.8,7.3,7.8,8.3,8.8,9.3,9.8,10.3,10.8,0
07/12/2015 23:00,1449525600,551898.5999,55408.13828,70062.62038,13640.03767,229509.4158,,08/12/2015,5.1,5.6,6.1,6.6,7.1,7.6,8.1,8.6,9.1,9.6,10.1,10.6,11.1,0
08/12/2015 23:00,1449612000,575349.1214,44164.45077,88473.37351,14139.40815,240150.0899,,09/12/2015,4.2,4.7,5.2,5.7,6.2,6.7,7.2,7.7,8.2,8.7,9.2,9.7,10.2,0
09/12/2015 23:00,1449698400,602123.5448,61080.23315,85188.20671,14067.17217,235219.199,,10/12/2015,5.2,5.7,6.2,6.7,7.2,7.7,8.2,8.7,9.2,9.7,10.2,10.7,11.2,0
10/12/2015 23:00,1449784800,561582.409,47091.57836,87449.50699,12848.58257,233617.4446,,11/12/2015,5.8,6.3,6.8,7.3,7.8,8.3,8.8,9.3,9.8,10.3,10.8,11.3,11.8,0
11/12/2015 23:00,1449871200,457363.6854,36658.19012,40106.67305,12788.90937,206651.4388,,12/12/2015,6.1,6.6,7.1,7.6,8.1,8.6,9.1,9.6,10.1,10.6,11.1,11.6,12.1,0
12/12/2015 23:00,1449957600,454903.4744,36802.66208,41080.28844,12792.05006,204308.4804,,13/12/2015,6.8,7.3,7.8,8.3,8.8,9.3,9.8,10.3,10.8,11.3,11.8,12.3,12.8,0
13/12/2015 23:00,1450044000,612487.8378,65602.83372,90791.2063,12814.03493,244383.7465,,14/12/2015,6.8,7.3,7.8,8.3,8.8,9.3,9.8,10.3,10.8,11.3,11.8,12.3,12.8,0
14/12/2015 23:00,1450130400,595475.7408,69849.05313,85527.40175,13209.76248,240225.4666,,15/12/2015,6.8,7.3,7.8,8.3,8.8,9.3,9.8,10.3,10.8,11.3,11.8,12.3,12.8,0
15/12/2015 23:00,1450216800,585870.449,62411.88777,94585.16566,12434.01085,236695.3256,,16/12/2015,6.8,7.3,7.8,8.3,8.8,9.3,9.8,10.3,10.8,11.3,11.8,12.3,12.8,0
16/12/2015 23:00,1450303200,584928.2406,44553.89693,82298.76746,13705.99226,229157.658,,17/12/2015,6.8,7.3,7.8,8.3,8.8,9.3,9.8,10.3,10.8,11.3,11.8,12.3,12.8,0
17/12/2015 23:00,1450389600,567863.7987,59522.44852,84930.66973,13275.71707,235219.199,,18/12/2015,6.8,7.3,7.8,8.3,8.8,9.3,9.8,10.3,10.8,11.3,11.8,12.3,12.8,0
18/12/2015 23:00,1450476000,487645.2181,52700.85933,49409.41115,14108.0012,190973.0901,,19/12/2015,4.2,4.7,5.2,5.7,6.2,6.7,7.2,7.7,8.2,8.7,9.2,9.7,10.2,0
19/12/2015 23:00,1450562400,480709.517,57826.47331,42261.1897,13498.7064,187091.1913,,20/12/2015,1.9,2.4,2.9,3.4,3.9,4.4,4.9,5.4,5.9,6.4,6.9,7.4,7.9,0
20/12/2015 23:00,1450648800,593774.5311,48040.0682,102757.2536,13841.04214,230533.2823,,21/12/2015,2.1,2.6,3.1,3.6,4.1,4.6,5.1,5.6,6.1,6.6,7.1,7.6,8.1,0
21/12/2015 23:00,1450735200,640361.5044,62782.48976,123781.0648,14591.6682,224766.9666,,22/12/2015,2.3,2.8,3.3,3.8,4.3,4.8,5.3,5.8,6.3,6.8,7.3,7.8,8.3,0
22/12/2015 23:00,1450821600,591549.8722,54692.05986,99892.93993,13574.08308,220420.2449,,23/12/2015,2.5,3,3.5,4,4.5,5,5.5,6,6.5,7,7.5,8,8.5,0
23/12/2015 23:00,1450908000,491361.707,48385.54463,60627.9731,14409.5079,203359.9906,,24/12/2015,4.3,4.8,5.3,5.8,6.3,6.8,7.3,7.8,8.3,8.8,9.3,9.8,10.3,0
24/12/2015 23:00,1450994400,472883.9524,51689.5556,57945.81971,13530.11335,187480.6375,,25/12/2015,5.3,5.8,6.3,6.8,7.3,7.8,8.3,8.8,9.3,9.8,10.3,10.8,11.3,0
25/12/2015 23:00,1451080800,481311.4835,69509.85809,45703.39124,13765.66546,189358.773,,26/12/2015,5.3,5.8,6.3,6.8,7.3,7.8,8.3,8.8,9.3,9.8,10.3,10.8,11.3,0
26/12/2015 23:00,1451167200,499082.5818,47072.73419,57883.00581,13451.59598,197995.6838,,27/12/2015,5.3,5.8,6.3,6.8,7.3,7.8,8.3,8.8,9.3,9.8,10.3,10.8,11.3,0
27/12/2015 23:00,1451253600,597491.0199,58756.11898,102876.6,13749.96199,242637.5202,,28/12/2015,7,7.5,8,8.5,9,9.5,10,10.5,11,11.5,12,12.5,13,0
28/12/2015 23:00,1451340000,619318.849,47575.24536,94428.13092,13332.24958,246111.1287,,29/12/2015,8.3,8.8,9.3,9.8,10.3,10.8,11.3,11.8,12.3,12.8,13.3,13.8,14.3,0
29/12/2015 23:00,1451426400,594795.2569,60188.27582,105175.5886,13395.06347,224886.313,,30/12/2015,8.2,8.7,9.2,9.7,10.2,10.7,11.2,11.7,12.2,12.7,13.2,13.7,14.2,0
30/12/2015 23:00,1451512800,530384.8403,48969.71387,53140.55661,11683.38479,222034.5621,,31/12/2015,9.6,10.1,10.6,11.1,11.6,12.1,12.6,13.1,13.6,14.1,14.6,15.1,15.6,0
31/12/2015 23:00,1451599200,484085.7639,49798.85731,48272.47962,13684.0074,215973.021,,01/01/2016,10.4,10.9,11.4,11.9,12.4,12.9,13.4,13.9,14.4,14.9,15.4,15.9,16.4,0
01/01/2016 23:00,1451685600,513006.3289,60998.57509,49202.12529,11249.9689,214892.622,,02/01/2016,11.2,11.7,12.2,12.7,13.2,13.7,14.2,14.7,15.2,15.7,16.2,16.7,17.2,0
02/01/2016 23:00,1451772000,495732.5073,44038.82298,52254.88067,9764.420243,209019.5227,,03/01/2016,13.9,14.4,14.9,15.4,15.9,16.4,16.9,17.4,17.9,18.4,18.9,19.4,19.9,1
03/01/2016 23:00,1451858400,572103.7367,42292.59665,91199.49662,10976.72845,231550.8674,,04/01/2016,14,14.5,15,15.5,16,16.5,17,17.5,18,18.5,19,19.5,20,0
04/01/2016 23:00,1451944800,572417.8062,55753.61471,96161.79446,10408.26268,226305.907,,05/01/2016,13,13.5,14,14.5,15,15.5,16,16.5,17,17.5,18,18.5,19,0
05/01/2016 23:00,1452031200,569486.491,47512.43147,102317.5563,11240.54682,234509.402,,06/01/2016,12.4,12.9,13.4,13.9,14.4,14.9,15.4,15.9,16.4,16.9,17.4,17.9,18.4,0
06/01/2016 23:00,1452117600,628217.4844,55558.89163,103799.9643,10593.56368,231519.4605,,07/01/2016,12.7,13.2,13.7,14.2,14.7,15.2,15.7,16.2,16.7,17.2,17.7,18.2,18.7,0
07/01/2016 23:00,1452204000,610237.0065,55533.76608,89773.62117,13137.5265,229170.2207,,08/01/2016,13.3,13.8,14.3,14.8,15.3,15.8,16.3,16.8,17.3,17.8,18.3,18.8,19.3,0
08/01/2016 23:00,1452290400,461027.8294,36827.78764,35012.46602,13241.16943,205583.6025,,09/01/2016,11.2,11.7,12.2,12.7,13.2,13.7,14.2,14.7,15.2,15.7,16.2,16.7,17.2,0
09/01/2016 23:00,1452376800,497407.5445,37468.48938,40207.17528,12553.35726,210476.8051,,10/01/2016,9.8,10.3,10.8,11.3,11.8,12.3,12.8,13.3,13.8,14.3,14.8,15.3,15.8,0
10/01/2016 23:00,1452463200,556845.1943,37914.46805,82738.46474,11705.36965,236437.7886,,11/01/2016,9.5,10,10.5,11,11.5,12,12.5,13,13.5,14,14.5,15,15.5,0
11/01/2016 23:00,1452549600,575139.7417,50081.51984,86752.27274,12697.82922,240765.6661,,12/01/2016,9.3,9.8,10.3,10.8,11.3,11.8,12.3,12.8,13.3,13.8,14.3,14.8,15.3,0
12/01/2016 23:00,1452636000,598616.4356,48410.67019,108115.279,14142.54884,248856.096,,13/01/2016,11.7,12.2,12.7,13.2,13.7,14.2,14.7,15.2,15.7,16.2,16.7,17.2,17.7,0
13/01/2016 23:00,1452722400,590790.871,46532.53468,94202.00089,13812.77589,238629.9936,,14/01/2016,12.1,12.6,13.1,13.6,14.1,14.6,15.1,15.6,16.1,16.6,17.1,17.6,18.1,0
14/01/2016 23:00,1452808800,572548.6685,42217.21997,84622.88164,14648.20071,227794.5964,,15/01/2016,10.4,10.9,11.4,11.9,12.4,12.9,13.4,13.9,14.4,14.9,15.4,15.9,16.4,0
15/01/2016 23:00,1452895200,458750.8256,40671.99812,38454.66756,13869.30839,191670.3244,,16/01/2016,10.5,11,11.5,12,12.5,13,13.5,14,14.5,15,15.5,16,16.5,0
16/01/2016 23:00,1452981600,462467.3145,49315.1903,42506.1639,13526.97266,198253.2208,,17/01/2016,13.3,13.8,14.3,14.8,15.3,15.8,16.3,16.8,17.3,17.8,18.3,18.8,19.3,0
17/01/2016 23:00,1453068000,611938.2162,56369.1909,99999.72355,13539.53543,237185.274,,18/01/2016,13.9,14.4,14.9,15.4,15.9,16.4,16.9,17.4,17.9,18.4,18.9,19.4,19.9,0
18/01/2016 23:00,1453154400,598982.85,59635.51353,82669.36945,13234.88804,237354.8715,,19/01/2016,12.6,13.1,13.6,14.1,14.6,15.1,15.6,16.1,16.6,17.1,17.6,18.1,18.6,0
19/01/2016 23:00,1453240800,596758.1911,53410.65637,88636.68964,13448.45528,228228.0123,,20/01/2016,13.7,14.2,14.7,15.2,15.7,16.2,16.7,17.2,17.7,18.2,18.7,19.2,19.7,0
20/01/2016 23:00,1453327200,614032.0127,60728.47533,83693.23597,13950.96646,231098.6074,,21/01/2016,14.6,15.1,15.6,16.1,16.6,17.1,17.6,18.1,18.6,19.1,19.6,20.1,20.6,0
21/01/2016 23:00,1453413600,601102.819,43906.9138,88485.93629,14374.96026,226130.0281,,22/01/2016,14.6,15.1,15.6,16.1,16.6,17.1,17.6,18.1,18.6,19.1,19.6,20.1,20.6,0
22/01/2016 23:00,1453500000,542999.9645,57983.50805,50546.34268,13778.22824,193498.2088,,23/01/2016,13.4,13.9,14.4,14.9,15.4,15.9,16.4,16.9,17.4,17.9,18.4,18.9,19.4,0
23/01/2016 23:00,1453586400,485682.2838,42292.59665,42556.41502,13084.13468,197210.5101,,24/01/2016,12.4,12.9,13.4,13.9,14.4,14.9,15.4,15.9,16.4,16.9,17.4,17.9,18.4,0
24/01/2016 23:00,1453672800,581002.3721,54057.6395,84842.73028,14861.76796,230847.3518,,25/01/2016,12.4,12.9,13.4,13.9,14.4,14.9,15.4,15.9,16.4,16.9,17.4,17.9,18.4,0
25/01/2016 23:00,1453759200,572208.4265,54660.65291,85263.58339,13335.39027,226563.444,,26/01/2016,8.5,9,9.5,10,10.5,11,11.5,12,12.5,13,13.5,14,14.5,0
26/01/2016 23:00,1453845600,576186.64,57682.00134,78284.95946,13407.62625,227706.6569,,27/01/2016,5.8,6.3,6.8,7.3,7.8,8.3,8.8,9.3,9.8,10.3,10.8,11.3,11.8,0
27/01/2016 23:00,1453932000,528893.0102,38944.61596,78944.50538,15097.32007,219277.032,,28/01/2016,6.4,6.9,7.4,7.9,8.4,8.9,9.4,9.9,10.4,10.9,11.4,11.9,12.4,0
28/01/2016 23:00,1454018400,568884.5245,61764.90463,91588.94278,13853.60492,224553.3993,,29/01/2016,6.8,7.3,7.8,8.3,8.8,9.3,9.8,10.3,10.8,11.3,11.8,12.3,12.8,0
29/01/2016 23:00,1454104800,465006.0428,48837.80469,24874.30309,13988.6548,208573.544,,30/01/2016,6.4,6.9,7.4,7.9,8.4,8.9,9.4,9.9,10.4,10.9,11.4,11.9,12.4,0
30/01/2016 23:00,1454191200,455898.0278,41519.98572,32594.131,13470.44015,207876.3098,,31/01/2016,7.9,8.4,8.9,9.4,9.9,10.4,10.9,11.4,11.9,12.4,12.9,13.4,13.9,0
31/01/2016 23:00,1454277600,582049.2703,64202.08382,72493.51819,13033.88357,235545.8313,,01/02/2016,9.5,10,10.5,11,11.5,12,12.5,13,13.5,14,14.5,15,15.5,0
01/02/2016 23:00,1454364000,563964.1026,62688.26891,77336.46962,12763.78381,229295.8485,,02/02/2016,7,7.5,8,8.5,9,9.5,10,10.5,11,11.5,12,12.5,13,0
02/02/2016 23:00,1454450400,538864.7163,46205.90242,81651.78433,13162.65205,224006.9184,,03/02/2016,6.5,7,7.5,8,8.5,9,9.5,10,10.5,11,11.5,12,12.5,0
03/02/2016 23:00,1454536800,536823.2647,58423.20532,80024.9044,12722.95478,221959.1854,,04/02/2016,7.9,8.4,8.9,9.4,9.9,10.4,10.9,11.4,11.9,12.4,12.9,13.4,13.9,0
04/02/2016 23:00,1454623200,545564.8653,63592.78902,75062.60656,13037.02426,230288.3081,,05/02/2016,8.1,8.6,9.1,9.6,10.1,10.6,11.1,11.6,12.1,12.6,13.1,13.6,14.1,0
05/02/2016 23:00,1454709600,457756.2722,51111.66775,25716.00931,13200.34039,203328.5836,,06/02/2016,8.4,8.9,9.4,9.9,10.4,10.9,11.4,11.9,12.4,12.9,13.4,13.9,14.4,0
06/02/2016 23:00,1454796000,453463.9893,47977.2543,20917.0276,12647.5781,199597.4382,,07/02/2016,5.3,5.8,6.3,6.8,7.3,7.8,8.3,8.8,9.3,9.8,10.3,10.8,11.3,0
07/02/2016 23:00,1454882400,581133.2343,56513.66286,90376.63458,14079.73495,236488.0397,,08/02/2016,3.5,4,4.5,5,5.5,6,6.5,7,7.5,8,8.5,9,9.5,0
08/02/2016 23:00,1454968800,572417.8062,40050.14054,99911.7841,12267.55403,230972.9796,,09/02/2016,4.9,5.4,5.9,6.4,6.9,7.4,7.9,8.4,8.9,9.4,9.9,10.4,10.9,0
09/02/2016 23:00,1455055200,527479.6976,53762.41419,76224.66365,12377.47835,228466.7051,,10/02/2016,5.8,6.3,6.8,7.3,7.8,8.3,8.8,9.3,9.8,10.3,10.8,11.3,11.8,0
10/02/2016 23:00,1455141600,556400.2625,42154.40608,77091.49542,12678.98505,232782.0198,,11/02/2016,7.3,7.8,8.3,8.8,9.3,9.8,10.3,10.8,11.3,11.8,12.3,12.8,13.3,0
11/02/2016 23:00,1455228000,552788.4635,59886.76912,68592.7752,13303.98332,230822.2262,,12/02/2016,9.4,9.9,10.4,10.9,11.4,11.9,12.4,12.9,13.4,13.9,14.4,14.9,15.4,0
12/02/2016 23:00,1455314400,437158.5486,43159.42843,25979.82768,12594.18629,202398.938,,13/02/2016,10.4,10.9,11.4,11.9,12.4,12.9,13.4,13.9,14.4,14.9,15.4,15.9,16.4,0
13/02/2016 23:00,1455400800,446502.1157,55075.22463,34057.69479,11865.54509,204936.6194,,14/02/2016,10.4,10.9,11.4,11.9,12.4,12.9,13.4,13.9,14.4,14.9,15.4,15.9,16.4,0
14/02/2016 23:00,1455487200,518162.3029,45728.5168,68756.09133,12569.06073,229320.9741,,15/02/2016,11.2,11.7,12.2,12.7,13.2,13.7,14.2,14.7,15.2,15.7,16.2,16.7,17.2,0
15/02/2016 23:00,1455573600,554332.6384,47173.23642,64264.89772,12763.78381,217072.2642,,16/02/2016,11.7,12.2,12.7,13.2,13.7,14.2,14.7,15.2,15.7,16.2,16.7,17.2,17.7,0
16/02/2016 23:00,1455660000,552945.4982,35709.70028,80539.97835,12412.02599,227003.1413,,17/02/2016,11,11.5,12,12.5,13,13.5,14,14.5,15,15.5,16,16.5,17,0
17/02/2016 23:00,1455746400,570114.63,52437.04097,77719.63439,12537.65378,228937.8093,,18/02/2016,10.9,11.4,11.9,12.4,12.9,13.4,13.9,14.4,14.9,15.4,15.9,16.4,16.9,0
18/02/2016 23:00,1455832800,549333.6991,52298.8504,85194.4881,12663.28158,218473.0141,,19/02/2016,9.9,10.4,10.9,11.4,11.9,12.4,12.9,13.4,13.9,14.4,14.9,15.4,15.9,0
19/02/2016 23:00,1455919200,473799.9883,58548.83312,28460.9766,11532.63143,193429.1135,,20/02/2016,9.2,9.7,10.2,10.7,11.2,11.7,12.2,12.7,13.2,13.7,14.2,14.7,15.2,0
20/02/2016 23:00,1456005600,407793.0519,31300.16473,23969.78298,12390.04112,188799.7293,,21/02/2016,7.3,7.8,8.3,8.8,9.3,9.8,10.3,10.8,11.3,11.8,12.3,12.8,13.3,0
21/02/2016 23:00,1456092000,537503.7486,35489.85164,86658.05189,12977.35106,229917.7061,,22/02/2016,6.6,7.1,7.6,8.1,8.6,9.1,9.6,10.1,10.6,11.1,11.6,12.1,12.6,0
22/02/2016 23:00,1456178400,520962.7558,31664.48533,91080.15022,12798.33145,223592.3467,,23/02/2016,6.7,7.2,7.7,8.2,8.7,9.2,9.7,10.2,10.7,11.2,11.7,12.2,12.7,0
23/02/2016 23:00,1456264800,535933.4012,43310.18178,84120.37047,12151.34832,220332.3055,,24/02/2016,7.7,8.2,8.7,9.2,9.7,10.2,10.7,11.2,11.7,12.2,12.7,13.2,13.7,0
24/02/2016 23:00,1456351200,572731.8757,52411.91541,95621.59495,13216.04387,222059.6876,,25/02/2016,8.8,9.3,9.8,10.3,10.8,11.3,11.8,12.3,12.8,13.3,13.8,14.3,14.8,0
25/02/2016 23:00,1456437600,532557.1542,37732.30775,87518.60228,13015.0394,224019.4812,,26/02/2016,8.2,8.7,9.2,9.7,10.2,10.7,11.2,11.7,12.2,12.7,13.2,13.7,14.2,0
26/02/2016 23:00,1456524000,480159.8954,51595.33475,33002.42133,12854.86396,200068.5424,,27/02/2016,7.8,8.3,8.8,9.3,9.8,10.3,10.8,11.3,11.8,12.3,12.8,13.3,13.8,0
27/02/2016 23:00,1456610400,423967.6303,35339.09829,29648.15924,12006.87635,197587.3935,,28/02/2016,10.5,11,11.5,12,12.5,13,13.5,14,14.5,15,15.5,16,16.5,0
28/02/2016 23:00,1456696800,536744.7473,55527.48469,74673.1604,12716.67339,224408.9274,,29/02/2016,12,12.5,13,13.5,14,14.5,15,15.5,16,16.5,17,17.5,18,0
29/02/2016 23:00,1456783200,547946.5589,43021.23785,80539.97835,13118.68233,223805.914,,01/03/2016,11.2,11.7,12.2,12.7,13.2,13.7,14.2,14.7,15.2,15.7,16.2,16.7,17.2,0
01/03/2016 23:00,1456869600,506201.4901,58153.10557,34302.66899,12591.04559,229810.9225,,02/03/2016,10.3,10.8,11.3,11.8,12.3,12.8,13.3,13.8,14.3,14.8,15.3,15.8,16.3,0
02/03/2016 23:00,1456956000,567785.2813,63486.0054,77744.75995,13583.50516,233736.791,,03/03/2016,9.3,9.8,10.3,10.8,11.3,11.8,12.3,12.8,13.3,13.8,14.3,14.8,15.3,0
03/03/2016 23:00,1457042400,560875.7527,64823.9414,70094.02733,12069.69025,227983.0381,,04/03/2016,10.1,10.6,11.1,11.6,12.1,12.6,13.1,13.6,14.1,14.6,15.1,15.6,16.1,2
04/03/2016 23:00,1457128800,468591.6694,58209.63808,30873.03023,12905.11508,209446.6572,,05/03/2016,9.1,9.6,10.1,10.6,11.1,11.6,12.1,12.6,13.1,13.6,14.1,14.6,15.1,69
05/03/2016 23:00,1457215200,502877.588,80640.48059,32022.52454,13046.44635,211506.953,,06/03/2016,8.4,8.9,9.4,9.9,10.4,10.9,11.4,11.9,12.4,12.9,13.4,13.9,14.4,0
06/03/2016 23:00,1457301600,559514.7849,64641.7811,78159.33167,13106.11955,232631.2664,,07/03/2016,8.1,8.6,9.1,9.6,10.1,10.6,11.1,11.6,12.1,12.6,13.1,13.6,14.1,0
07/03/2016 23:00,1457388000,571213.8732,56048.84003,76959.58624,12845.44188,222254.4107,,08/03/2016,8.2,8.7,9.2,9.7,10.2,10.7,11.2,11.7,12.2,12.7,13.2,13.7,14.2,0
08/03/2016 23:00,1457474400,552579.0838,54220.95563,76884.20957,13401.34486,222015.7179,,09/03/2016,7.7,8.2,8.7,9.2,9.7,10.2,10.7,11.2,11.7,12.2,12.7,13.2,13.7,0
09/03/2016 23:00,1457560800,543916.0005,36275.02535,76538.73313,12380.61904,228353.6401,,10/03/2016,8.2,8.7,9.2,9.7,10.2,10.7,11.2,11.7,12.2,12.7,13.2,13.7,14.2,0
10/03/2016 23:00,1457647200,544282.4149,59830.23661,59905.61329,12330.36792,228812.1815,,11/03/2016,8.9,9.4,9.9,10.4,10.9,11.4,11.9,12.4,12.9,13.4,13.9,14.4,14.9,0
11/03/2016 23:00,1457733600,451422.5376,39886.82441,32066.49427,12870.56743,198215.5324,,12/03/2016,8.9,9.4,9.9,10.4,10.9,11.4,11.9,12.4,12.9,13.4,13.9,14.4,14.9,0
12/03/2016 23:00,1457820000,428286.0857,48693.33272,28241.12796,12594.18629,195816.0416,,13/03/2016,9.5,10,10.5,11,11.5,12,12.5,13,13.5,14,14.5,15,15.5,0
13/03/2016 23:00,1457906400,539283.4757,42355.41055,74880.44626,12726.09547,236236.7841,,14/03/2016,10.5,11,11.5,12,12.5,13,13.5,14,14.5,15,15.5,16,16.5,0
14/03/2016 23:00,1457992800,565377.4152,46884.2925,85012.3278,12823.45701,229396.3508,,15/03/2016,8.8,9.3,9.8,10.3,10.8,11.3,11.8,12.3,12.8,13.3,13.8,14.3,14.8,0
15/03/2016 23:00,1458079200,468225.255,28944.6436,60609.12893,12741.79895,210395.147,,16/03/2016,7.1,7.6,8.1,8.6,9.1,9.6,10.1,10.6,11.1,11.6,12.1,12.6,13.1,0
16/03/2016 23:00,1458165600,516330.2309,43919.47658,94321.34729,13093.55677,201161.5042,,17/03/2016,5.3,5.8,6.3,6.8,7.3,7.8,8.3,8.8,9.3,9.8,10.3,10.8,11.3,0
17/03/2016 23:00,1458252000,537163.5066,63787.5121,68661.87049,13684.0074,213780.816,,18/03/2016,5.4,5.9,6.4,6.9,7.4,7.9,8.4,8.9,9.4,9.9,10.4,10.9,11.4,0
18/03/2016 23:00,1458338400,411928.3001,32908.20048,24453.44999,13015.0394,185834.9134,,19/03/2016,6.8,7.3,7.8,8.3,8.8,9.3,9.8,10.3,10.8,11.3,11.8,12.3,12.8,0
19/03/2016 23:00,1458424800,410357.9527,28618.01134,32562.72405,13168.93344,194679.1101,,20/03/2016,5.4,5.9,6.4,6.9,7.4,7.9,8.4,8.9,9.4,9.9,10.4,10.9,11.4,0
20/03/2016 23:00,1458511200,517141.5771,31852.92702,79842.7441,13335.39027,221393.8603,,21/03/2016,4.8,5.3,5.8,6.3,6.8,7.3,7.8,8.3,8.8,9.3,9.8,10.3,10.8,0
21/03/2016 23:00,1458597600,564827.7937,46915.69945,103372.8298,13281.99846,221230.5442,,22/03/2016,4.8,5.3,5.8,6.3,6.8,7.3,7.8,8.3,8.8,9.3,9.8,10.3,10.8,0
22/03/2016 23:00,1458684000,537765.4732,38241.10031,89415.58196,14114.28259,215954.1769,,23/03/2016,4.8,5.3,5.8,6.3,6.8,7.3,7.8,8.3,8.8,9.3,9.8,10.3,10.8,0
23/03/2016 23:00,1458770400,421926.1787,32562.72405,38542.60702,13178.35553,186708.0266,,24/03/2016,4.8,5.3,5.8,6.3,6.8,7.3,7.8,8.3,8.8,9.3,9.8,10.3,10.8,0
24/03/2016 23:00,1458856800,448595.9123,42694.60559,40998.63038,12716.67339,201814.7687,,25/03/2016,4.8,5.3,5.8,6.3,6.8,7.3,7.8,8.3,8.8,9.3,9.8,10.3,10.8,0
25/03/2016 23:00,1458943200,435378.8215,34239.85509,33925.78561,13850.46422,198403.9741,,26/03/2016,4.8,5.3,5.8,6.3,6.8,7.3,7.8,8.3,8.8,9.3,9.8,10.3,10.8,0
26/03/2016 23:00,1459029600,431767.0225,37141.85712,22964.76063,13266.29498,204823.5544,,27/03/2016,4.6,5.1,5.6,6.1,6.5,7,7.5,8,8.5,8.9,9.4,9.9,10.4,0
28/03/2016 00:00,1459116000,440116.0362,26865.50362,29277.55725,13005.61731,195357.5001,,28/03/2016,4.8,5.3,5.8,6.3,6.8,7.3,7.8,8.3,8.8,9.3,9.8,10.3,10.8,0
29/03/2016 00:00,1459202400,507405.4231,23052.70009,79315.10737,12776.34659,217712.966,,29/03/2016,4.8,5.3,5.8,6.3,6.8,7.3,7.8,8.3,8.8,9.3,9.8,10.3,10.8,0
30/03/2016 00:00,1459288800,528500.4234,42851.64033,81639.22155,13134.3858,216117.493,,30/03/2016,4.8,5.3,5.8,6.3,6.8,7.3,7.8,8.3,8.8,9.3,9.8,10.3,10.8,0
31/03/2016 00:00,1459375200,525202.6938,53354.12386,78573.90339,13247.45081,212034.5897,,31/03/2016,4.7,5.2,5.7,6.2,6.7,7.2,7.7,8.2,8.7,9.2,9.7,10.2,10.7,0
01/04/2016 00:00,1459461600,518136.1304,33844.12754,76099.03586,12986.77314,206714.2527,,01/04/2016,3.5,4,4.5,5,5.5,6,6.5,7,7.5,8,8.5,9,9.5,0
02/04/2016 00:00,1459548000,390728.61,25558.97457,30263.73543,12964.78828,168322.399,,02/04/2016,3.5,4,4.5,5,5.5,6,6.5,7,7.5,8,8.5,9,9.5,0
03/04/2016 00:00,1459634400,403082.0096,37474.77077,28523.79049,13238.02873,178718.0989,,03/04/2016,3.5,4,4.5,5,5.5,6,6.5,7,7.5,8,8.5,9,9.5,0
04/04/2016 00:00,1459720800,547815.6966,50885.53772,86771.11691,14422.07068,211400.1694,,04/04/2016,3.5,4,4.5,5,5.5,6,6.5,7,7.5,8,8.5,9,9.5,0
05/04/2016 00:00,1459807200,532243.0847,35433.31913,68209.61043,13313.40541,213655.1882,,05/04/2016,3.5,4,4.5,5,5.5,6,6.5,7,7.5,8,8.5,9,9.5,0
06/04/2016 00:00,1459893600,528448.0785,39076.52514,81375.40318,13030.74287,211324.7927,,06/04/2016,2.5,3,3.5,4,4.5,5,5.5,6,6.5,7,7.5,8,8.5,0
07/04/2016 00:00,1459980000,522663.9655,39170.74598,92518.58846,13702.85157,205709.2303,,07/04/2016,3.2,3.7,4.2,4.7,5.2,5.7,6.2,6.7,7.2,7.7,8.2,8.7,9.2,0
08/04/2016 00:00,1460066400,526982.4209,49434.53671,85439.4623,13457.87737,202694.1633,,08/04/2016,3.7,4.2,4.7,5.2,5.7,6.2,6.7,7.2,7.7,8.2,8.7,9.2,9.7,0
09/04/2016 00:00,1460152800,392822.4065,23448.42764,33498.65111,13281.99846,173259.5713,,09/04/2016,3.9,4.4,4.9,5.4,5.9,6.4,6.9,7.4,7.9,8.4,8.9,9.4,9.9,0
10/04/2016 00:00,1460239200,396643.5852,23473.5532,34660.7082,13564.66099,177625.1371,,10/04/2016,4.2,4.7,5.2,5.7,6.2,6.7,7.2,7.7,8.2,8.7,9.2,9.7,10.2,0
11/04/2016 00:00,1460325600,511043.3946,29359.21532,87920.61122,14249.33247,212983.0796,,11/04/2016,4.9,5.4,5.9,6.4,6.9,7.4,7.9,8.4,8.9,9.4,9.9,10.4,10.9,0
12/04/2016 00:00,1460412000,529861.3912,46243.59075,84289.96799,13228.60665,206412.746,,12/04/2016,4.5,5,5.5,6,6.5,7,7.5,8,8.5,9,9.5,10,10.5,0
13/04/2016 00:00,1460498400,535462.2969,52185.78538,88259.80626,12842.30118,208523.2929,,13/04/2016,4.8,5.3,5.8,6.3,6.8,7.3,7.8,8.3,8.8,9.3,9.8,10.3,10.8,0
14/04/2016 00:00,1460584800,523946.4159,28793.89025,92078.89118,12763.78381,207876.3098,,14/04/2016,5.2,5.7,6.2,6.7,7.2,7.7,8.2,8.7,9.2,9.7,10.2,10.7,11.2,0
15/04/2016 00:00,1460671200,507065.1811,33058.95384,81268.61956,13913.27812,208403.9465,,15/04/2016,4.5,5,5.5,6,6.5,7,7.5,8,8.5,9,9.5,10,10.5,0
16/04/2016 00:00,1460757600,406301.2218,35766.23278,22638.12837,13592.92725,184754.5144,,16/04/2016,2.1,2.4,2.7,3.2,3.7,4.2,4.7,5.2,5.7,6.2,6.7,7.2,7.7,0
17/04/2016 00:00,1460844000,404442.9774,27763.74234,26275.05299,13470.44015,182486.9327,,17/04/2016,2.8,3.2,3.5,4,4.5,5,5.5,6,6.5,7,7.5,8,8.5,0
18/04/2016 00:00,1460930400,527976.9743,29704.69175,91299.99886,13467.29945,217530.8057,,18/04/2016,3.7,4.2,4.7,5.2,5.7,6.2,6.7,7.2,7.7,8.2,8.7,9.2,9.7,0
19/04/2016 00:00,1461016800,513268.0534,36300.15091,88705.78493,13131.24511,219873.764,,19/04/2016,3.5,4,4.5,5,5.5,6,6.5,7,7.5,8,8.5,9,9.5,0
20/04/2016 00:00,1461103200,477123.8904,23850.43658,88240.96209,13671.44462,205759.4814,,20/04/2016,3.7,4.2,4.7,5.2,5.7,6.2,6.7,7.2,7.7,8.2,8.7,9.2,9.7,0
21/04/2016 00:00,1461189600,523920.2434,29252.4317,127198.1408,13596.06794,200275.8283,,21/04/2016,3.7,4.2,4.7,5.2,5.7,6.2,6.7,7.2,7.7,8.2,8.7,9.2,9.7,0
22/04/2016 00:00,1461276000,405463.7032,16614.27568,67537.50174,13030.74287,178592.4711,,22/04/2016,3.7,4.2,4.7,5.2,5.7,6.2,6.7,7.2,7.7,8.2,8.7,9.2,9.7,0
23/04/2016 00:00,1461362400,416168.2381,23624.30655,49264.93918,13329.10888,184013.3104,,23/04/2016,3.7,4.2,4.7,5.2,5.7,6.2,6.7,7.2,7.7,8.2,8.7,9.2,9.7,0
24/04/2016 00:00,1461448800,441660.2112,45508.66816,48793.83496,12936.52203,186544.7104,,24/04/2016,3.7,4.2,4.7,5.2,5.7,6.2,6.7,7.2,7.7,8.2,8.7,9.2,9.7,0
25/04/2016 00:00,1461535200,492434.7777,21765.01521,85609.05982,12553.35726,224880.0316,,25/04/2016,3.7,4.2,4.7,5.2,5.7,6.2,6.7,7.2,7.7,8.2,8.7,9.2,9.7,0
26/04/2016 00:00,1461621600,541717.5142,38379.29089,83894.24044,12606.74907,222336.0688,,26/04/2016,3.7,4.2,4.7,5.2,5.7,6.2,6.7,7.2,7.7,8.2,8.7,9.2,9.7,0
27/04/2016 00:00,1461708000,518947.4766,29648.15924,72060.1023,13247.45081,223058.4286,,27/04/2016,3.7,4.2,4.7,5.2,5.7,6.2,6.7,7.2,7.7,8.2,8.7,9.2,9.7,0
28/04/2016 00:00,1461794400,538315.0948,38781.29983,87769.85786,13055.86843,225859.9284,,28/04/2016,3.7,4.2,4.7,5.2,5.7,6.2,6.7,7.2,7.7,8.2,8.7,9.2,9.7,0
29/04/2016 00:00,1461880800,493350.8137,25445.90955,69692.01839,12173.33318,228165.1984,,29/04/2016,3.7,4.2,4.7,5.2,5.7,6.2,6.7,7.2,7.7,8.2,8.7,9.2,9.7,61
30/04/2016 00:00,1461967200,389864.9189,32989.85855,21796.42216,13178.35553,191909.0172,,30/04/2016,3.7,4.2,4.7,5.2,5.7,6.2,6.7,7.2,7.7,8.2,8.7,9.2,9.7,23
01/05/2016 00:00,1462053600,391356.7489,19095.4246,25577.81874,12641.29671,192556.0003,,01/05/2016,3.7,4.2,4.7,5.2,5.7,6.2,6.7,7.2,7.7,8.2,8.7,9.2,9.7,0
02/05/2016 00:00,1462140000,502301.794,19302.71046,79114.1029,13272.57637,232851.1151,,02/05/2016,3.7,4.2,4.7,5.2,5.7,6.2,6.7,7.2,7.7,8.2,8.7,9.2,9.7,0
03/05/2016 00:00,1462226400,519209.2012,24899.42865,77700.79022,13806.4945,232474.2317,,03/05/2016,3.7,4.2,4.7,5.2,5.7,6.2,6.7,7.2,7.7,8.2,8.7,9.2,9.7,0
04/05/2016 00:00,1462312800,495104.3683,20401.95365,74227.18174,13134.3858,230332.2778,,04/05/2016,3.7,4.2,4.7,5.2,5.7,6.2,6.7,7.2,7.7,8.2,8.7,9.2,9.7,0
05/05/2016 00:00,1462399200,407007.8782,18875.57596,34346.63872,13388.78208,194974.3354,,05/05/2016,3.7,4.2,4.7,5.2,5.7,6.2,6.7,7.2,7.7,8.2,8.7,9.2,9.7,0
06/05/2016 00:00,1462485600,472831.6074,20156.97945,69541.26504,13225.46595,212022.0269,,06/05/2016,3.7,4.2,4.7,5.2,5.7,6.2,6.7,7.2,7.7,8.2,8.7,9.2,9.7,0
07/05/2016 00:00,1462572000,435064.752,25106.71451,48504.89103,13803.3538,203686.6228,,07/05/2016,3.7,4.2,4.7,5.2,5.7,6.2,6.7,7.2,7.7,8.2,8.7,9.2,9.7,0
08/05/2016 00:00,1462658400,445978.6666,23693.40184,54522.46234,14469.18111,197311.0123,,08/05/2016,3.7,4.2,4.7,5.2,5.7,6.2,6.7,7.2,7.7,8.2,8.7,9.2,9.7,0
09/05/2016 00:00,1462744800,510310.5658,22455.96807,85251.02061,14368.67887,226418.9721,,09/05/2016,3.7,4.2,4.7,5.2,5.7,6.2,6.7,7.2,7.7,8.2,8.7,9.2,9.7,0
10/05/2016 00:00,1462831200,510127.3586,19095.4246,81764.84934,14189.65927,232656.392,,10/05/2016,3.7,4.2,4.7,5.2,5.7,6.2,6.7,7.2,7.7,8.2,8.7,9.2,9.7,0
11/05/2016 00:00,1462917600,500417.3771,20018.78888,87254.78391,13969.81063,232486.7945,,11/05/2016,3.7,4.2,4.7,5.2,5.7,6.2,6.7,7.2,7.7,8.2,8.7,9.2,9.7,0
12/05/2016 00:00,1463004000,485760.8012,27638.11455,76632.95398,14164.53371,219176.5298,,12/05/2016,3.7,4.2,4.7,5.2,5.7,6.2,6.7,7.2,7.7,8.2,8.7,9.2,9.7,0
13/05/2016 00:00,1463090400,488430.3918,17305.22854,96582.64757,13944.68507,215307.1937,,13/05/2016,3.7,4.2,4.7,5.2,5.7,6.2,6.7,7.2,7.7,8.2,8.7,9.2,9.7,0
14/05/2016 00:00,1463176800,392953.2688,26325.30411,44057.66715,13925.8409,184465.5705,,14/05/2016,3.7,4.2,4.7,5.2,5.7,6.2,6.7,7.2,7.7,8.2,8.7,9.2,9.7,0
15/05/2016 00:00,1463263200,403448.424,48756.14662,35043.87297,14444.05555,182059.7982,,15/05/2016,3.7,4.2,4.7,5.2,5.7,6.2,6.7,7.2,7.7,8.2,8.7,9.2,9.7,0
16/05/2016 00:00,1463349600,417345.9987,47060.17141,27594.14482,13853.60492,192166.5542,,16/05/2016,3.7,4.2,4.7,5.2,5.7,6.2,6.7,7.2,7.7,8.2,8.7,9.2,9.7,41
17/05/2016 00:00,1463436000,519183.0287,25521.28623,74503.56288,14434.63346,231996.8461,,17/05/2016,3.7,4.2,4.7,5.2,5.7,6.2,6.7,7.2,7.7,8.2,8.7,9.2,9.7,11
18/05/2016 00:00,1463522400,508033.5621,25420.784,85093.98586,14497.44736,216896.3853,,18/05/2016,3.7,4.2,4.7,5.2,5.7,6.2,6.7,7.2,7.7,8.2,8.7,9.2,9.7,0
19/05/2016 00:00,1463608800,540722.9608,46677.00664,88467.09212,14139.40815,220885.0678,,19/05/2016,3.7,4.2,4.7,5.2,5.7,6.2,6.7,7.2,7.7,8.2,8.7,9.2,9.7,0
20/05/2016 00:00,1463695200,536221.2982,66249.81685,73460.8522,14770.68781,216657.6925,,20/05/2016,3.7,4.2,4.7,5.2,5.7,6.2,6.7,7.2,7.7,8.2,8.7,9.2,9.7,0
21/05/2016 00:00,1463781600,409206.3646,20012.50749,25998.67185,14968.55158,189710.5308,,21/05/2016,3.7,4.2,4.7,5.2,5.7,6.2,6.7,7.2,7.7,8.2,8.7,9.2,9.7,0
22/05/2016 00:00,1463868000,411561.8857,17380.60522,36727.2854,14073.45356,206532.0924,,22/05/2016,3.7,4.2,4.7,5.2,5.7,6.2,6.7,7.2,7.7,8.2,8.7,9.2,9.7,1
23/05/2016 00:00,1463954400,497747.7865,21067.78095,85583.93426,13090.41607,216984.3248,,23/05/2016,3.7,4.2,4.7,5.2,5.7,6.2,6.7,7.2,7.7,8.2,8.7,9.2,9.7,0
24/05/2016 00:00,1464040800,506803.4566,27795.14929,92920.59739,14396.94512,223975.5115,,24/05/2016,1.6,1.8,2,2.2,2.4,2.6,2.8,3,3.2,3.5,3.8,4.3,4.8,0
25/05/2016 00:00,1464127200,485001.7999,18649.44593,84534.94218,13068.43121,224880.0316,,25/05/2016,0,0,0,0,0,0,0,0,0,0,0.3,0.8,1.3,0
26/05/2016 00:00,1464213600,503715.1067,30106.70069,74107.83533,14114.28259,213058.4562,,26/05/2016,0,0,0,0,0,0,0,0,0,0,0.3,0.8,1.3,0
27/05/2016 00:00,1464300000,460111.7934,16564.02456,76444.51229,12556.49795,214628.8036,,27/05/2016,0,0,0,0,0,0,0,0,0,0.1,0.5,1,1.5,0
28/05/2016 00:00,1464386400,408447.3633,19861.75414,53278.74718,12694.68852,193636.3994,,28/05/2016,0,0,0,0,0,0,0,0,0,0.2,0.7,1.2,1.7,0
29/05/2016 00:00,1464472800,432290.4716,24597.92195,59063.90707,12182.75527,193366.2996,,29/05/2016,0,0,0,0,0,0,0,0,0,0.2,0.7,1.2,1.7,0
30/05/2016 00:00,1464559200,505311.6265,20986.12289,93611.55026,12650.7188,234371.2114,,30/05/2016,0,0,0,0,0,0,0,0,0.1,0.2,0.4,0.8,1.2,0
31/05/2016 00:00,1464645600,531798.153,17738.64443,118379.0697,13269.43568,233516.9424,,31/05/2016,0,0,0,0,0,0,0,0,0.1,0.2,0.3,0.6,1.1,0
01/06/2016 00:00,1464732000,526537.4891,19962.25637,103052.4789,13187.77761,239371.1976,,01/06/2016,0,0,0,0,0,0,0,0,0,0,0,0.2,0.4,0
02/06/2016 00:00,1464818400,526432.7993,20797.6812,95916.82027,12349.21209,231167.7027,,02/06/2016,0,0,0,0,0,0,0,0,0,0,0.1,0.3,0.6,0
03/06/2016 00:00,1464904800,512666.0869,21808.98494,82744.74613,11567.17908,243604.8542,,03/06/2016,0,0,0,0,0,0,0,0,0,0,0.1,0.2,0.4,0
04/06/2016 00:00,1464991200,404887.9092,15835.38336,33429.55583,13410.76695,210294.6448,,04/06/2016,0,0,0,0,0,0,0,0,0,0,0,0.1,0.2,0
05/06/2016 00:00,1465077600,407164.9129,15847.94614,48040.0682,13146.94858,189660.2797,,05/06/2016,0,0,0,0,0,0,0,0,0,0,0.2,0.4,0.6,0
06/06/2016 00:00,1465164000,501019.3436,23831.59241,88021.11345,13690.28879,227442.8386,,06/06/2016,0,0,0,0,0,0,0,0,0,0,0,0,0,0
07/06/2016 00:00,1465250400,517403.3016,20062.75861,84415.59578,12597.32698,245991.7823,,07/06/2016,0,0,0,0,0,0,0,0,0,0,0,0.1,0.3,0
08/06/2016 00:00,1465336800,503479.5545,25439.62817,97474.60491,13542.67613,224760.6852,,08/06/2016,0,0,0,0,0,0,0,0,0,0,0,0.2,0.7,0
09/06/2016 00:00,1465423200,512430.5348,16815.28015,100175.6025,12506.24683,229044.5929,,09/06/2016,0,0,0,0,0,0,0.1,0.1,0.5,0.8,1.2,1.6,2.1,0
10/06/2016 00:00,1465509600,496648.5433,19704.7194,83008.56449,13815.91658,228579.7701,,10/06/2016,0,0,0,0,0,0,0,0.1,0.6,1.1,1.6,2.1,2.6,0
11/06/2016 00:00,1465596000,400150.6945,14095.43842,45904.39571,12226.72499,196293.4272,,11/06/2016,0,0,0,0,0,0,0,0.1,0.6,1.1,1.6,2.1,2.6,0
12/06/2016 00:00,1465682400,425982.9095,19177.08266,65207.10617,12845.44188,192191.6797,,12/06/2016,0,0,0,0,0,0,0,0.1,0.6,1.1,1.6,2.1,2.6,0
13/06/2016 00:00,1465768800,500600.5843,31187.09971,87499.75811,13062.14982,220168.9893,,13/06/2016,0,0,0,0,0,0,0,0.1,0.6,1.1,1.6,2.1,2.6,0
14/06/2016 00:00,1465855200,516775.1627,38347.88394,91274.8733,13021.32079,209283.341,,14/06/2016,0,0,0,0,0,0,0.1,0.2,0.7,1.2,1.7,2.2,2.7,0
15/06/2016 00:00,1465941600,514367.2966,27380.57757,86111.57099,12823.45701,231305.8932,,15/06/2016,0,0,0,0,0,0,0,0.1,0.3,0.5,0.7,0.9,1.2,0
16/06/2016 00:00,1466028000,515571.2297,24641.89168,92022.35867,12949.08481,226142.5909,,16/06/2016,0,0,0,0,0,0,0,0,0,0.1,0.1,0.2,0.4,0
17/06/2016 00:00,1466114400,496674.7157,34365.48289,70062.62038,13319.6868,217681.559,,17/06/2016,0,0,0,0,0,0,0,0,0,0,0,0.1,0.5,0
18/06/2016 00:00,1466200800,373454.7884,15609.25333,15339.15358,12917.67786,206174.0532,,18/06/2016,0,0,0,0,0,0,0,0,0,0.1,0.1,0.3,0.5,0
19/06/2016 00:00,1466287200,388660.9859,16074.07617,14384.38235,12823.45701,197562.2679,,19/06/2016,0,0,0,0,0,0,0,0,0,0,0,0,0,0
20/06/2016 00:00,1466373600,464220.8691,19434.61964,57901.84998,13134.3858,220954.163,,20/06/2016,0,0,0,0,0,0,0,0,0,0,0,0,0,0
21/06/2016 00:00,1466460000,475527.3705,24246.16413,63127.96619,13206.62178,213988.1019,,21/06/2016,0,0,0,0,0,0,0,0,0,0,0,0,0,0
22/06/2016 00:00,1466546400,499475.1686,21375.56905,61312.64457,12908.25577,245702.8383,,22/06/2016,0,0,0,0,0,0,0,0,0,0,0,0,0,0
23/06/2016 00:00,1466632800,542869.1023,18040.15113,91789.94725,12569.06073,266619.8659,,23/06/2016,0,0,0,0,0,0,0,0,0,0,0,0,0,0
24/06/2016 00:00,1466719200,556609.6422,22631.84698,84070.11935,13420.18903,278359.7832,,24/06/2016,0,0,0,0,0,0,0,0,0,0,0,0,0,0
25/06/2016 00:00,1466805600,421455.0744,25891.88822,17418.29356,12785.76867,224999.378,,25/06/2016,0,0,0,0,0,0,0,0,0,0,0,0,0,0
26/06/2016 00:00,1466892000,430144.3301,38555.1698,24673.29863,12974.21036,203799.6879,,26/06/2016,0,0,0,0,0,0,0,0,0,0.1,0.1,0.2,0.3,0
27/06/2016 00:00,1466978400,494397.712,30464.7399,60232.24555,13395.06347,233196.5915,,27/06/2016,0,0,0,0,0,0,0,0,0,0.1,0.1,0.2,0.3,0
28/06/2016 00:00,1467064800,501673.655,30552.67936,59321.44405,13633.75628,233680.2585,,28/06/2016,0,0,0,0,0,0,0,0,0.1,0.2,0.4,0.6,1,0
29/06/2016 00:00,1467151200,497590.7517,39114.21348,55213.4152,12955.3662,224233.0485,,29/06/2016,0,0,0,0,0,0,0,0,0,0,0.1,0.2,0.4,0
30/06/2016 00:00,1467237600,502144.7592,28360.47436,78178.17584,13071.5719,222430.2896,,30/06/2016,0,0,0,0,0,0,0,0,0,0,0,0.1,0.2,0
01/07/2016 00:00,1467324000,480709.517,26538.87136,61570.18155,13718.55504,227373.7433,,01/07/2016,0,0,0,0,0,0,0,0,0,0,0,0.2,0.4,0
02/07/2016 00:00,1467410400,378951.0043,23900.6877,20854.21371,12148.20762,183774.6176,,02/07/2016,0,0,0,0,0,0,0,0.1,0.3,0.5,0.7,1,1.3,0
03/07/2016 00:00,1467496800,384106.9783,15043.92826,22418.27973,13275.71707,196500.7131,,03/07/2016,0,0,0,0,0,0.1,0.1,0.4,0.7,1.1,1.4,1.9,2.3,0
04/07/2016 00:00,1467583200,471287.4325,16406.98982,63894.29573,13033.88357,225684.0495,,04/07/2016,0,0,0,0.1,0.1,0.2,0.3,0.6,0.9,1.2,1.5,2,2.4,0
05/07/2016 00:00,1467669600,483745.522,23599.18099,57361.65047,13426.47042,232857.3965,,05/07/2016,0,0,0,0,0,0,0.1,0.2,0.3,0.5,0.7,1.1,1.4,0
06/07/2016 00:00,1467756000,481442.3458,30439.61434,60973.44953,13084.13468,215778.298,,06/07/2016,0,0,0,0,0,0,0.3,0.5,0.9,1.2,1.7,2.1,2.6,0
07/07/2016 00:00,1467842400,482777.1411,17562.76552,69001.06553,12569.06073,223045.8658,,07/07/2016,0,0,0,0,0,0.1,0.1,0.2,0.4,0.8,1.3,1.8,2.3,0
08/07/2016 00:00,1467928800,459352.7921,21947.17551,58655.61674,13329.10888,212549.6637,,08/07/2016,0,0,0,0,0,0,0,0,0,0.1,0.3,0.4,0.6,0
09/07/2016 00:00,1468015200,359949.8006,21004.96706,15025.08409,12333.50862,189515.8077,,09/07/2016,0,0,0,0,0,0,0,0,0,0,0.1,0.1,0.2,0
10/07/2016 00:00,1468101600,413106.0607,51639.30448,15496.18832,13545.81682,198705.4808,,10/07/2016,0,0,0,0,0,0,0,0,0,0,0,0,0,0
11/07/2016 00:00,1468188000,467701.8059,20502.45588,72719.64821,13602.34933,225300.8847,,11/07/2016,0,0,0,0,0,0,0.1,0.1,0.1,0.1,0.1,0.1,0.1,0
12/07/2016 00:00,1468274400,452443.2635,16287.64342,59516.16713,12547.07587,219760.699,,12/07/2016,0,0,0,0,0,0,0,0,0,0,0,0,0.1,0
13/07/2016 00:00,1468360800,440456.2782,18837.88762,61614.15128,13602.34933,204961.7449,,13/07/2016,0,0,0,0,0,0,0,0,0,0.1,0.2,0.3,0.6,0
14/07/2016 00:00,1468447200,467832.6682,23341.64402,60590.28476,12487.40266,205897.672,,14/07/2016,0,0,0,0,0,0,0,0,0,0,0,0,0.3,0
15/07/2016 00:00,1468533600,484399.8334,37575.27301,64132.98853,13077.85329,200282.1096,,15/07/2016,0,0,0,0,0,0,0,0,0,0,0,0,0.3,0
16/07/2016 00:00,1468620000,395439.6522,22349.18445,25194.65397,12930.24064,187675.3606,,16/07/2016,0,0,0,0,0,0,0,0,0.1,0.1,0.2,0.3,0.6,0
17/07/2016 00:00,1468706400,383164.7699,20433.3606,23649.43211,12270.69472,188554.7551,,17/07/2016,0,0,0,0,0,0,0,0,0.1,0.4,0.7,1.1,1.5,0
18/07/2016 00:00,1468792800,460059.4484,27744.89817,65125.4481,12999.33592,206155.209,,18/07/2016,0,0,0,0,0,0,0,0,0.1,0.3,0.6,0.9,1.4,0
19/07/2016 00:00,1468879200,464325.5589,19428.33825,65803.83819,13281.99846,219679.0409,,19/07/2016,0,0,0,0,0,0,0,0,0,0,0.1,0.2,0.4,0
20/07/2016 00:00,1468965600,488561.2541,17996.18141,67587.75285,12145.06693,238253.1102,,20/07/2016,0,0,0,0,0,0,0,0,0,0,0,0,0,0
21/07/2016 00:00,1469052000,475370.3358,15885.63448,67053.83473,12613.03046,232348.6039,,21/07/2016,0,0,0,0,0,0,0,0,0,0,0,0,0,0
22/07/2016 00:00,1469138400,459588.3442,18555.22509,57757.37802,12635.01532,231374.9885,,22/07/2016,0,0,0,0,0,0,0,0,0,0,0,0,0,0
23/07/2016 00:00,1469224800,386017.5677,15263.7769,17606.73525,12412.02599,223441.5934,,23/07/2016,0,0,0,0,0,0,0,0,0,0,0,0,0,0
24/07/2016 00:00,1469311200,408709.0879,16714.77791,17989.90002,12185.89596,227581.0291,,24/07/2016,0,0,0,0,0,0,0,0,0,0,0,0,0,0
25/07/2016 00:00,1469397600,498218.8907,18234.87421,67914.38512,12408.88529,260068.3765,,25/07/2016,0,0,0,0,0,0,0,0,0,0,0,0,0,0
26/07/2016 00:00,1469484000,463880.6272,19528.84049,57116.67627,11664.54062,229716.7016,,26/07/2016,0,0,0,0,0,0,0,0,0,0,0,0,0,0
27/07/2016 00:00,1469570400,457049.6159,45182.0359,44547.61554,13253.7322,205250.6889,,27/07/2016,0,0,0,0,0,0,0,0,0,0,0,0,0,0
28/07/2016 00:00,1469656800,471758.5367,31381.82279,51004.88412,12700.96991,224496.8668,,28/07/2016,0,0,0,0,0,0,0,0,0,0,0,0,0,0
29/07/2016 00:00,1469743200,464953.6979,24717.26835,34340.35733,12682.12574,238246.8288,,29/07/2016,0,0,0,0,0,0,0,0,0,0,0,0,0,0
30/07/2016 00:00,1469829600,375103.6532,22656.97254,16815.28015,13445.31459,201865.0198,,30/07/2016,0,0,0,0,0,0,0,0,0,0,0,0,0.2,0
31/07/2016 00:00,1469916000,394654.4785,31501.1692,16507.49205,13684.0074,192857.5071,,31/07/2016,0,0,0,0,0,0,0,0,0,0.1,0.3,0.5,0.8,0
01/08/2016 00:00,1470002400,465110.7326,18278.84394,49742.3248,12160.7704,215401.4146,,01/08/2016,0,0,0,0,0,0,0,0,0.3,0.6,1.1,1.6,2.1,0
02/08/2016 00:00,1470088800,457180.4782,17487.38884,49453.38088,12242.42847,221770.7437,,02/08/2016,0,0,0,0,0,0,0,0,0.2,0.4,0.7,0.9,1.4,0
03/08/2016 00:00,1470175200,464220.8691,28938.36221,53749.85141,12289.53889,214182.825,,03/08/2016,0,0,0,0,0,0,0,0,0,0,0,0,0.5,0
04/08/2016 00:00,1470261600,477202.4078,20144.41667,54428.24149,12955.3662,231412.6768,,04/08/2016,0,0,0,0,0,0,0,0,0,0,0,0,0.2,0
05/08/2016 00:00,1470348000,470109.6719,17418.29356,59729.73438,12635.01532,231575.993,,05/08/2016,0,0,0,0,0,0,0,0,0,0,0,0,0,0
06/08/2016 00:00,1470434400,412922.8535,28058.96766,29805.19399,13109.26024,191073.5924,,06/08/2016,0,0,0,0,0,0,0,0,0,0,0.1,0.1,0.4,0
07/08/2016 00:00,1470520800,405777.7727,22669.53532,37971.00056,12619.31185,192153.9914,,07/08/2016,0,0,0,0,0,0,0,0,0,0,0.1,0.3,0.8,0
08/08/2016 00:00,1470607200,483928.7292,20822.80676,65665.64761,12336.64931,236318.4422,,08/08/2016,0,0,0,0,0,0,0,0,0,0,0,0.1,0.3,0
09/08/2016 00:00,1470693600,472831.6074,19924.56803,84145.49602,11991.17288,211695.3947,,09/08/2016,0,0,0,0,0.2,0.6,0.9,1.2,1.6,1.9,2.2,2.6,2.9,0
10/08/2016 00:00,1470780000,456918.7536,25910.73239,67016.14639,13071.5719,211946.6503,,10/08/2016,0,0,0,0,0.3,0.8,1.3,1.8,2.3,2.8,3.3,3.8,4.3,0
11/08/2016 00:00,1470866400,455845.6829,26494.90163,62694.5503,12484.26197,203353.7092,,11/08/2016,0,0,0,0,0.3,0.8,1.3,1.8,2.3,2.8,3.3,3.8,4.3,0
12/08/2016 00:00,1470952800,462414.9696,26212.23909,56589.03954,12408.88529,214107.4483,,12/08/2016,0,0,0,0,0.3,0.8,1.3,1.8,2.3,2.8,3.3,3.8,4.3,0
13/08/2016 00:00,1471039200,395099.4103,21997.42663,16765.02903,12267.55403,200527.0838,,13/08/2016,0,0,0,0,0.3,0.8,1.3,1.8,2.3,2.8,3.3,3.8,4.3,0
14/08/2016 00:00,1471125600,419832.3821,56193.31199,16180.85979,12477.98058,202135.1196,,14/08/2016,0,0,0,0,0.1,0.3,0.5,0.7,0.9,1.1,1.3,1.6,1.8,0
15/08/2016 00:00,1471212000,485263.5245,42870.4845,62550.07834,13734.25851,217348.6454,,15/08/2016,0,0,0,0,0,0,0,0,0,0,0,0,0.1,0
16/08/2016 00:00,1471298400,471235.0876,22053.95913,66507.35383,12324.08653,220376.2752,,16/08/2016,0,0,0,0,0,0,0,0,0,0,0,0,0.1,0
17/08/2016 00:00,1471384800,457991.8243,18825.32484,65891.77764,12807.75354,230715.4426,,17/08/2016,0,0,0,0,0,0,0,0,0,0,0,0,0.1,0
18/08/2016 00:00,1471471200,461813.0031,32726.04018,67380.46699,12559.63865,221004.4142,,18/08/2016,0,0,0,0,0,0,0,0,0,0,0,0,0.1,0
19/08/2016 00:00,1471557600,449695.1555,20803.96259,58492.30061,12396.32251,228152.6356,,19/08/2016,0,0,0,0,0,0,0,0,0,0,0,0,0.1,0
20/08/2016 00:00,1471644000,387378.5355,34447.14095,28146.90711,12506.24683,200583.6163,,20/08/2016,0,0,0,0,0,0,0,0,0,0,0,0,0.1,1
21/08/2016 00:00,1471730400,415435.4093,44522.48998,26702.18749,12704.11061,207719.275,,21/08/2016,0.1,0.1,0.1,0.2,0.2,0.2,0.2,0.2,0.2,0.2,0.3,0.3,0.3,0
22/08/2016 00:00,1471816800,480159.8954,32682.07046,62537.51556,12955.3662,230596.0962,,22/08/2016,0,0,0,0,0,0,0,0,0,0,0,0,0,0
23/08/2016 00:00,1471903200,462650.5217,31394.38557,61978.47188,13272.57637,218158.9446,,23/08/2016,0,0,0,0,0,0,0,0,0,0,0,0,0,0
24/08/2016 00:00,1471989600,469036.6012,21193.40875,62374.19943,12675.84435,229993.0828,,24/08/2016,0,0,0,0,0,0,0,0,0,0,0,0,0,0
25/08/2016 00:00,1472076000,470921.0181,19553.96604,61865.40686,12418.30738,249050.819,,25/08/2016,0,0,0,0,0,0,0,0,0,0,0,0,0,0
26/08/2016 00:00,1472162400,494790.2988,24422.04304,64220.92799,12258.13194,244722.9416,,26/08/2016,0,0,0,0,0,0,0,0,0,0,0,0,0,0
27/08/2016 00:00,1472248800,411378.6785,22751.19339,24522.54527,13124.96372,214609.9595,,27/08/2016,0,0,0,0,0,0,0,0,0,0,0,0,0,0
28/08/2016 00:00,1472335200,435483.5114,23749.93434,23335.36263,12980.49175,206475.5599,,28/08/2016,0,0,0,0,0,0,0,0,0,0,0,0,0,0
29/08/2016 00:00,1472421600,517900.5783,47870.47068,61720.9349,12989.91384,223630.035,,29/08/2016,0,0,0,0,0,0,0,0,0,0,0.3,0.6,0.9,0
30/08/2016 00:00,1472508000,505913.593,37292.61047,63052.58951,12961.64758,225099.8802,,30/08/2016,0,0,0,0,0,0,0,0,0,0,0.4,0.9,1.4,0
31/08/2016 00:00,1472594400,488273.357,34591.61291,57129.23905,13008.75801,234251.865,,31/08/2016,0,0,0,0,0,0,0,0,0,0,0.4,0.9,1.4,0
01/09/2016 00:00,1472680800,484975.6275,27110.47782,69038.75387,12251.85055,222304.6618,,01/09/2016,0,0,0,0,0,0,0,0,0,0,0.4,0.9,1.4,0
02/09/2016 00:00,1472767200,496020.4043,33479.80694,68781.21689,13090.41607,222135.0643,,02/09/2016,0,0,0,0,0,0,0,0,0,0,0.4,0.9,1.4,0
03/09/2016 00:00,1472853600,410488.815,30200.92154,28297.66047,13096.69746,193410.2693,,03/09/2016,0,0,0,0,0,0,0,0,0,0,0.4,0.9,1.4,0
04/09/2016 00:00,1472940000,392639.1993,37066.48045,26180.83215,12430.87016,186218.0782,,04/09/2016,0,0,0,0,0,0,0,0,0,0,0.4,0.9,1.4,0
05/09/2016 00:00,1473026400,510860.1874,26947.16169,79377.92126,13222.32526,231444.0838,,05/09/2016,0,0,0,0,0,0,0,0,0,0,0.2,0.5,0.8,0
06/09/2016 00:00,1473112800,517429.4741,25314.00037,99999.72355,12635.01532,230859.9146,,06/09/2016,0,0,0,0,0,0,0,0.1,0.1,0.1,0.1,0.2,0.2,0
07/09/2016 00:00,1473199200,488037.8049,22675.81671,70960.85911,12151.34832,231607.3999,,07/09/2016,0,0,0,0,0,0,0,0,0,0,0,0,0,0
08/09/2016 00:00,1473285600,546114.4869,28775.04608,98825.10368,12010.01705,246349.8215,,08/09/2016,0,0,0,0,0,0,0,0,0,0,0,0,0,0
09/09/2016 00:00,1473372000,515257.1602,36080.30227,100797.46,12704.11061,224584.8063,,09/09/2016,0,0,0,0,0,0,0,0,0,0,0,0,0,0
10/09/2016 00:00,1473458400,426741.9107,22870.53979,58429.48671,12258.13194,206111.2393,,10/09/2016,11.9,12.3,12.6,13,13.3,13.6,14,14.3,14.7,15,15.3,15.7,16,0
11/09/2016 00:00,1473544800,442864.1442,33008.70272,62901.83616,12908.25577,207530.8333,,11/09/2016,18,18.5,19,19.5,20,20.5,21,21.5,22,22.5,23,23.5,24,0
12/09/2016 00:00,1473631200,528866.8378,26432.08773,88065.08318,12493.68405,256268.1358,,12/09/2016,18,18.5,19,19.5,20,20.5,21,21.5,22,22.5,23,23.5,24,0
13/09/2016 00:00,1473717600,556557.2973,28875.54831,86978.40277,12675.84435,266450.2684,,13/09/2016,18,18.5,19,19.5,20,20.5,21,21.5,22,22.5,23,23.5,24,0
14/09/2016 00:00,1473804000,556190.8829,25433.34678,96896.71706,13630.61558,253743.0171,,14/09/2016,7.2,7.4,7.6,7.8,8,8.2,8.5,8.7,8.9,9.1,9.3,9.5,9.7,0
15/09/2016 00:00,1473890400,492303.9154,22883.10257,60929.4798,12119.94137,235734.2729,,15/09/2016,0,0,0,0,0,0,0,0,0,0,0,0,0,0
16/09/2016 00:00,1473976800,520570.1689,28316.50463,93027.38102,12914.53716,225721.7378,,16/09/2016,0,0,0,0,0,0,0,0,0,0,0,0,0,0
17/09/2016 00:00,1474063200,434096.3711,25389.37705,65433.2362,11896.95204,199484.3732,,17/09/2016,0,0,0,0,0,0,0,0,0,0,0,0,0,0
18/09/2016 00:00,1474149600,427474.7395,27129.32199,51834.02756,13228.60665,193278.3602,,18/09/2016,0,0,0,0,0,0,0,0,0,0,0,0,0,0
19/09/2016 00:00,1474236000,508452.3214,47688.31038,67631.72258,12390.04112,217794.624,,19/09/2016,0,0,0,0,0,0,0,0,0,0,0,0,0,0
20/09/2016 00:00,1474322400,521721.757,26413.24356,91959.54477,12644.43741,233874.9816,,20/09/2016,0,0,0,0,0,0,0,0,0,0,0,0,0,0
21/09/2016 00:00,1474408800,496753.2331,24516.26388,99227.11262,11988.03219,220307.1799,,21/09/2016,0,0,0,0,0,0,0,0,0,0,0,0.2,0.4,0
22/09/2016 00:00,1474495200,517246.2669,24604.20334,109880.3495,12638.15602,216978.0434,,22/09/2016,0,0,0,0,0,0,0,0.1,0.1,0.2,0.2,0.5,1,0
23/09/2016 00:00,1474581600,513425.0882,31275.03917,100935.6506,13819.05727,212354.9406,,23/09/2016,0,0,0,0,0,0,0,0,0,0,0,0.1,0.6,0
24/09/2016 00:00,1474668000,429908.778,25778.82321,53850.35364,13935.26298,199383.8709,,24/09/2016,0,0,0,0,0,0,0,0,0,0,0,0.1,0.6,0
25/09/2016 00:00,1474754400,419753.8647,26193.39493,51124.23053,14302.72428,198385.13,,25/09/2016,0,0,0,0,0,0,0,0,0,0,0,0.1,0.6,0
26/09/2016 00:00,1474840800,528448.0785,32525.03571,102374.0888,14572.82404,218944.1184,,26/09/2016,0,0,0,0,0,0,0,0,0,0,0,0.1,0.6,0
27/09/2016 00:00,1474927200,536954.127,34660.7082,93297.48077,13988.6548,238341.0497,,27/09/2016,0,0,0,0,0,0,0,0,0,0,0,0.1,0.6,0
28/09/2016 00:00,1475013600,550197.3902,36896.88292,102411.7772,13504.98779,230696.5984,,28/09/2016,0,0,0,0,0,0,0,0,0,0,0,0.1,0.6,0
29/09/2016 00:00,1475100000,556635.8146,62958.36867,95602.75078,13709.13296,216023.2722,,29/09/2016,0,0,0,0,0,0,0,0,0,0,0,0.1,0.6,0
30/09/2016 00:00,1475186400,581761.3733,73303.81745,104271.0685,13084.13468,228516.9562,,30/09/2016,0,0,0,0,0.2,0.4,0.6,0.8,1.1,1.3,1.6,1.9,2.4,0
01/10/2016 00:00,1475272800,437394.1007,54842.81321,44566.45971,14070.31286,190885.1507,,01/10/2016,0,0.1,0.4,0.8,1.3,1.8,2.3,2.8,3.3,3.8,4.3,4.8,5.3,0
02/10/2016 00:00,1475359200,422449.6278,44063.94854,40464.71226,13614.91211,192179.117,,02/10/2016,0,0.2,0.7,1.2,1.7,2.2,2.7,3.2,3.7,4.2,4.7,5.2,5.7,0
03/10/2016 00:00,1475445600,554123.2588,38900.64623,96984.65651,13925.8409,237373.7156,,03/10/2016,0,0.1,0.3,0.5,0.8,1.3,1.8,2.3,2.8,3.3,3.8,4.3,4.8,0
04/10/2016 00:00,1475532000,518659.5796,26702.18749,96029.88528,13743.6806,219358.6901,,04/10/2016,0.1,0.2,0.3,0.6,1,1.5,2,2.5,3,3.5,4,4.5,5,0
05/10/2016 00:00,1475618400,529207.0797,38165.72364,95345.21381,13552.09821,219189.0925,,05/10/2016,0.8,1.1,1.4,1.9,2.4,2.9,3.4,3.9,4.4,4.9,5.4,5.9,6.4,0
06/10/2016 00:00,1475704800,629055.003,63096.55924,124980.8103,13662.02253,232895.0848,,06/10/2016,1.2,1.7,2.2,2.7,3.2,3.7,4.2,4.7,5.2,5.7,6.2,6.7,7.2,0
07/10/2016 00:00,1475791200,555405.7091,39497.37825,123611.4673,13658.88184,224013.1998,,07/10/2016,0.9,1.4,1.9,2.4,2.9,3.4,3.9,4.4,4.9,5.4,5.9,6.4,6.9,0
08/10/2016 00:00,1475877600,478641.8929,45332.78925,78222.14557,14557.12056,200219.2957,,08/10/2016,1.3,1.8,2.3,2.8,3.3,3.8,4.3,4.8,5.3,5.8,6.3,6.8,7.3,2
09/10/2016 00:00,1475964000,501987.7245,69949.55537,69503.5767,13121.82302,209484.3455,,09/10/2016,2.1,2.6,3.1,3.6,4.1,4.6,5.1,5.6,6.1,6.6,7.1,7.6,8.1,29
10/10/2016 00:00,1476050400,601286.0262,63781.23071,116802.4409,13263.15429,241971.6929,,10/10/2016,2.1,2.6,3.1,3.6,4.1,4.6,5.1,5.6,6.1,6.6,7.1,7.6,8.1,0
11/10/2016 00:00,1476136800,575767.8807,54277.48814,92581.40235,12795.19076,229635.0436,,11/10/2016,2.1,2.6,3.1,3.6,4.1,4.6,5.1,5.6,6.1,6.6,7.1,7.6,8.1,0
12/10/2016 00:00,1476223200,571658.8049,37826.5286,96186.92002,12886.27091,234974.2248,,12/10/2016,2.8,3.3,3.8,4.3,4.8,5.3,5.8,6.3,6.8,7.3,7.8,8.3,8.8,0
13/10/2016 00:00,1476309600,576422.1921,61450.83515,89616.58643,11664.54062,229176.5021,,13/10/2016,2.1,2.6,3.1,3.6,4.1,4.6,5.1,5.6,6.1,6.6,7.1,7.6,8.1,0
14/10/2016 00:00,1476396000,544256.2425,51519.95808,82129.16994,13068.43121,226908.9205,,14/10/2016,2,2.5,3,3.5,4,4.5,5,5.5,6,6.5,7,7.5,8,0
15/10/2016 00:00,1476482400,454510.8876,35295.12856,50439.55905,12449.71433,202285.8729,,15/10/2016,1.8,2.3,2.8,3.3,3.8,4.3,4.8,5.3,5.8,6.3,6.8,7.3,7.8,0
16/10/2016 00:00,1476568800,460373.5179,33479.80694,51501.11391,13128.10441,203504.4625,,16/10/2016,1.8,2.3,2.8,3.3,3.8,4.3,4.8,5.3,5.8,6.3,6.8,7.3,7.8,0
17/10/2016 00:00,1476655200,590607.6638,53655.63056,107663.019,11937.78107,236513.1653,,17/10/2016,1.8,2.3,2.8,3.3,3.8,4.3,4.8,5.3,5.8,6.3,6.8,7.3,7.8,0
18/10/2016 00:00,1476741600,585163.7927,55766.17749,95571.34384,12704.11061,233196.5915,,18/10/2016,1.8,2.3,2.8,3.3,3.8,4.3,4.8,5.3,5.8,6.3,6.8,7.3,7.8,0
19/10/2016 00:00,1476828000,569931.4228,63467.16123,76632.95398,13241.16943,227053.3924,,19/10/2016,1.9,2.4,2.9,3.4,3.9,4.4,4.9,5.4,5.9,6.4,6.9,7.4,7.9,0
20/10/2016 00:00,1476914400,588225.9702,77581.44382,85112.83003,11271.95376,222731.7963,,20/10/2016,1.8,2.3,2.8,3.3,3.8,4.3,4.8,5.3,5.8,6.3,6.8,7.3,7.8,0
21/10/2016 00:00,1477000800,567026.28,68209.61043,66362.88187,13486.14362,220451.6519,,21/10/2016,2.1,2.6,3.1,3.6,4.1,4.6,5.1,5.6,6.1,6.6,7.1,7.6,8.1,2
22/10/2016 00:00,1477087200,460321.173,49811.42009,38731.04871,11890.67065,204233.1037,,22/10/2016,2.6,3.1,3.6,4.1,4.6,5.1,5.6,6.1,6.6,7.1,7.6,8.1,8.6,0
23/10/2016 00:00,1477173600,465895.9063,62405.60638,35615.47943,12207.88082,199653.9707,,23/10/2016,3,3.5,4,4.5,5,5.5,6,6.5,7,7.5,8,8.5,9,0
24/10/2016 00:00,1477260000,593591.3239,51984.78091,110188.1376,13630.61558,229565.9483,,24/10/2016,2.9,3.4,3.9,4.4,4.9,5.4,5.9,6.4,6.9,7.4,7.9,8.4,8.9,0
25/10/2016 00:00,1477346400,557368.6434,40929.53509,96959.53095,12675.84435,234138.8,,25/10/2016,3.2,3.7,4.2,4.7,5.2,5.7,6.2,6.7,7.2,7.7,8.2,8.7,9.2,0
26/10/2016 00:00,1477432800,576396.0196,58975.96762,102625.3444,12474.83989,229000.6232,,26/10/2016,4,4.5,5,5.5,6,6.5,7,7.5,8,8.5,9,9.5,10,0
27/10/2016 00:00,1477519200,593722.1861,52286.28762,122593.8822,12556.49795,216067.2419,,27/10/2016,1.7,1.9,2.3,2.8,3.3,3.8,4.3,4.8,5.3,5.8,6.3,6.8,7.3,0
28/10/2016 00:00,1477605600,593355.7717,60640.53588,118793.6414,12569.06073,212819.7634,,28/10/2016,0.6,0.9,1.3,1.8,2.3,2.8,3.3,3.8,4.3,4.8,5.3,5.8,6.3,0
29/10/2016 00:00,1477692000,430746.2966,39641.85021,43128.02148,13432.75181,178630.1594,,29/10/2016,1.8,2.3,2.8,3.3,3.8,4.3,4.8,5.3,5.8,6.3,6.8,7.3,7.8,0
30/10/2016 00:00,1477778400,443361.4209,47612.9337,52047.59481,13932.12229,181563.5684,,30/10/2016,3,3.5,4.1,4.6,5.1,5.6,6.1,6.7,7.2,7.7,8.2,8.7,9.3,0
30/10/2016 23:00,1477864800,585085.2753,54327.73926,97223.34932,13121.82302,225231.7894,,31/10/2016,2.1,2.6,3.1,3.6,4.1,4.6,5.1,5.6,6.1,6.6,7.1,7.6,8.1,0
31/10/2016 23:00,1477951200,583122.3411,56004.8703,96073.85501,12870.56743,215527.0424,,01/11/2016,1.9,2.4,2.9,3.4,3.9,4.4,4.9,5.4,5.9,6.4,6.9,7.4,7.9,0
01/11/2016 23:00,1478037600,589691.6278,62047.56716,112028.5848,12396.32251,225093.5988,,02/11/2016,5.7,6.2,6.7,7.2,7.7,8.2,8.7,9.2,9.7,10.2,10.7,11.2,11.7,0
02/11/2016 23:00,1478124000,626018.998,46130.52574,126010.9582,12989.91384,235803.3682,,03/11/2016,6.9,7.4,7.9,8.4,8.9,9.4,9.9,10.4,10.9,11.4,11.9,12.4,12.9,0
03/11/2016 23:00,1478210400,601102.819,51011.16551,111400.4458,12047.70539,230558.4079,,04/11/2016,6.4,6.9,7.4,7.9,8.4,8.9,9.4,9.9,10.4,10.9,11.4,11.9,12.4,0
04/11/2016 23:00,1478296800,495392.2653,34949.65213,72656.83432,12443.43294,205062.2472,,05/11/2016,6.4,6.9,7.4,7.9,8.4,8.9,9.4,9.9,10.4,10.9,11.4,11.9,12.4,0
05/11/2016 23:00,1478383200,479688.7912,38592.85813,81846.50741,11824.71605,197957.9955,,06/11/2016,6.2,6.7,7.2,7.7,8.2,8.7,9.2,9.7,10.2,10.7,11.2,11.7,12.2,0
06/11/2016 23:00,1478469600,642717.0256,56388.03507,143165.4334,11824.71605,225143.85,,07/11/2016,7.5,8,8.5,9,9.5,10,10.5,11,11.5,12,12.5,13,13.5,0
07/11/2016 23:00,1478556000,642402.9561,63303.8451,140583.7822,11567.17908,220332.3055,,08/11/2016,10.6,11.1,11.6,12.1,12.6,13.1,13.6,14.1,14.6,15.1,15.6,16.1,16.6,0
08/11/2016 23:00,1478642400,631541.3864,51871.7159,141450.614,11184.01431,215853.6746,,09/11/2016,11.4,11.9,12.4,12.9,13.4,13.9,14.4,14.9,15.4,15.9,16.4,16.9,17.4,0
09/11/2016 23:00,1478728800,615576.1877,50112.92679,127568.7428,12248.70986,223190.3378,,10/11/2016,9.2,9.7,10.2,10.7,11.2,11.7,12.2,12.7,13.2,13.7,14.2,14.7,15.2,0
10/11/2016 23:00,1478815200,634315.6669,61425.70959,142386.541,11447.83267,217499.3987,,11/11/2016,8,8.5,9,9.5,10,10.5,11,11.5,12,12.5,13,13.5,14,0
11/11/2016 23:00,1478901600,516722.8178,58825.21426,86884.18192,11934.64037,191770.8266,,12/11/2016,8.9,9.4,9.9,10.4,10.9,11.4,11.9,12.4,12.9,13.4,13.9,14.4,14.9,0
12/11/2016 23:00,1478988000,537686.9558,63705.85404,90056.2837,11821.57536,199415.2779,,13/11/2016,9.5,10,10.5,11,11.5,12,12.5,13,13.5,14,14.5,15,15.5,0
13/11/2016 23:00,1479074400,630887.075,63655.60292,112474.5634,12192.17735,221820.9948,,14/11/2016,9.2,9.7,10.2,10.7,11.2,11.7,12.2,12.7,13.2,13.7,14.2,14.7,15.2,0
14/11/2016 23:00,1479160800,555431.8816,69698.29978,39233.55988,13018.18009,214270.7644,,15/11/2016,8.8,9.3,9.8,10.3,10.8,11.3,11.8,12.3,12.8,13.3,13.8,14.3,14.8,0
15/11/2016 23:00,1479247200,605735.3439,73517.3847,95414.30909,12066.54956,215759.4538,,16/11/2016,8.8,9.3,9.8,10.3,10.8,11.3,11.8,12.3,12.8,13.3,13.8,14.3,14.8,0
16/11/2016 23:00,1479333600,619659.091,52430.75958,129691.8525,12647.5781,214691.6175,,17/11/2016,6.6,7.1,7.6,8.1,8.6,9.1,9.6,10.1,10.6,11.1,11.6,12.1,12.6,0
17/11/2016 23:00,1479420000,615785.5674,62091.53689,125288.5984,13062.14982,211218.0091,,18/11/2016,5.2,5.7,6.2,6.7,7.2,7.7,8.2,8.7,9.2,9.7,10.2,10.7,11.2,0
18/11/2016 23:00,1479506400,478798.9276,29428.31061,82191.98384,12496.82475,182417.8374,,19/11/2016,5.8,6.3,6.8,7.3,7.8,8.3,8.8,9.3,9.8,10.3,10.8,11.3,11.8,0
19/11/2016 23:00,1479592800,499867.7555,32173.27789,86306.29407,12273.83542,190363.7954,,20/11/2016,6.4,6.9,7.4,7.9,8.4,8.9,9.4,9.9,10.4,10.9,11.4,11.9,12.4,0
20/11/2016 23:00,1479679200,600212.9555,40747.37479,120979.5651,12550.21656,225150.1313,,21/11/2016,4.5,5,5.5,6,6.5,7,7.5,8,8.5,9,9.5,10,10.5,0
21/11/2016 23:00,1479765600,607384.2087,53404.37498,109516.0289,12713.53269,224113.7021,,22/11/2016,2.8,3.3,3.8,4.3,4.8,5.3,5.8,6.3,6.8,7.3,7.8,8.3,8.8,0
22/11/2016 23:00,1479852000,599139.8847,45653.14012,108448.1927,12000.59497,224861.1874,,23/11/2016,3.6,4.1,4.6,5.1,5.6,6.1,6.6,7.1,7.6,8.1,8.6,9.1,9.6,0
23/11/2016 23:00,1479938400,620156.3677,55339.043,113894.1575,12025.72052,216632.567,,24/11/2016,6.2,6.7,7.2,7.7,8.2,8.7,9.2,9.7,10.2,10.7,11.2,11.7,12.2,0
24/11/2016 23:00,1480024800,639340.7786,60496.06392,138435.5469,11243.68751,220099.8941,,25/11/2016,6,6.5,7,7.5,8,8.5,9,9.5,10,10.5,11,11.5,12,0
25/11/2016 23:00,1480111200,505808.9032,70207.09235,70891.76382,11184.01431,181959.296,,26/11/2016,5.5,6,6.5,7,7.5,8,8.5,9,9.5,10,10.5,11,11.5,0
26/11/2016 23:00,1480197600,492330.0879,52933.27075,69315.13501,11121.20041,182122.6121,,27/11/2016,6.6,7.1,7.6,8.1,8.6,9.1,9.6,10.1,10.6,11.1,11.6,12.1,12.6,0
27/11/2016 23:00,1480284000,633373.4584,38259.94448,151915.4092,12333.50862,224616.2132,,28/11/2016,9.3,9.8,10.3,10.8,11.3,11.8,12.3,12.8,13.3,13.8,14.3,14.8,15.3,0
28/11/2016 23:00,1480370400,655724.7367,64089.01881,168799.7846,11271.95376,218284.5724,,29/11/2016,8.9,9.4,9.9,10.4,10.9,11.4,11.9,12.4,12.9,13.4,13.9,14.4,14.9,0
29/11/2016 23:00,1480456800,676688.8747,63398.06594,158894.0331,12226.72499,230457.9056,,30/11/2016,7.6,8.1,8.6,9.1,9.6,10.1,10.6,11.1,11.6,12.1,12.6,13.1,13.6,0
30/11/2016 23:00,1480543200,677866.6353,66067.65655,160206.8435,11727.35451,224076.0137,,01/12/2016,7.6,8.1,8.6,9.1,9.6,10.1,10.6,11.1,11.6,12.1,12.6,13.1,13.6,0
01/12/2016 23:00,1480629600,629709.3145,43429.52818,147989.5406,11394.44086,228862.4326,,02/12/2016,7.5,8,8.5,9,9.5,10,10.5,11,11.5,12,12.5,13,13.5,0
02/12/2016 23:00,1480716000,554672.8804,46149.36991,117593.896,12151.34832,195834.8858,,03/12/2016,8.8,9.3,9.8,10.3,10.8,11.3,11.8,12.3,12.8,13.3,13.8,14.3,14.8,0
03/12/2016 23:00,1480802400,560221.4412,41507.42294,87995.98789,13021.32079,202254.466,,04/12/2016,7.6,8.1,8.6,9.1,9.6,10.1,10.6,11.1,11.6,12.1,12.6,13.1,13.6,0
04/12/2016 23:00,1480888800,644522.9251,61582.74433,110640.3977,12006.87635,233944.0769,,05/12/2016,6.6,7.1,7.6,8.1,8.6,9.1,9.6,10.1,10.6,11.1,11.6,12.1,12.6,0
05/12/2016 23:00,1480975200,619606.7461,60722.19394,116752.1898,10885.6483,228454.1423,,06/12/2016,7.6,8.1,8.6,9.1,9.6,10.1,10.6,11.1,11.6,12.1,12.6,13.1,13.6,0
06/12/2016 23:00,1481061600,642638.5082,62518.67139,122242.1244,11830.99744,235118.6968,,07/12/2016,8.1,8.6,9.1,9.6,10.1,10.6,11.1,11.6,12.1,12.6,13.1,13.6,14.1,0
07/12/2016 23:00,1481148000,630887.075,51011.16551,124208.1993,12358.63418,224390.0832,,08/12/2016,8.1,8.6,9.1,9.6,10.1,10.6,11.1,11.6,12.1,12.6,13.1,13.6,14.1,0
08/12/2016 23:00,1481234400,617879.3639,45175.75451,116306.2111,12003.73566,221820.9948,,09/12/2016,6.4,6.9,7.4,7.9,8.4,8.9,9.4,9.9,10.4,10.9,11.4,11.9,12.4,0
09/12/2016 23:00,1481320800,499658.3758,51739.80672,53825.22809,11966.04732,185973.104,,10/12/2016,4.4,4.9,5.4,5.9,6.4,6.9,7.4,7.9,8.4,8.9,9.4,9.9,10.4,0
10/12/2016 23:00,1481407200,481573.2081,48687.05134,53234.77746,11755.62077,186990.6891,,11/12/2016,4.8,5.3,5.8,6.3,6.8,7.3,7.8,8.3,8.8,9.3,9.8,10.3,10.8,0
11/12/2016 23:00,1481493600,625129.1345,51444.5814,123649.1557,11494.9431,234955.3806,,12/12/2016,6.3,6.8,7.3,7.8,8.3,8.8,9.3,9.8,10.3,10.8,11.3,11.8,12.3,0
12/12/2016 23:00,1481580000,638058.3282,65979.7171,116664.2503,12053.98678,225395.1055,,13/12/2016,8.1,8.6,9.1,9.6,10.1,10.6,11.1,11.6,12.1,12.6,13.1,13.6,14.1,0
13/12/2016 23:00,1481666400,633818.3902,68498.55436,128127.7865,11425.84781,225357.4172,,14/12/2016,7.9,8.4,8.9,9.4,9.9,10.4,10.9,11.4,11.9,12.4,12.9,13.4,13.9,0
14/12/2016 23:00,1481752800,613822.6331,49811.42009,137970.7241,12245.56916,215702.9213,,15/12/2016,7.7,8.2,8.7,9.2,9.7,10.2,10.7,11.2,11.7,12.2,12.7,13.2,13.7,0
15/12/2016 23:00,1481839200,618324.2957,55068.94324,145225.7292,12600.46768,226224.249,,16/12/2016,8.8,9.3,9.8,10.3,10.8,11.3,11.8,12.3,12.8,13.3,13.8,14.3,14.8,0
16/12/2016 23:00,1481925600,514864.5733,47977.2543,95225.8674,11199.71778,192474.3423,,17/12/2016,10,10.5,11,11.5,12,12.5,13,13.5,14,14.5,15,15.5,16,0
17/12/2016 23:00,1482012000,510755.4976,40496.11921,99038.67093,8250.605332,198228.0952,,18/12/2016,10,10.5,11,11.5,12,12.5,13,13.5,14,14.5,15,15.5,16,0
18/12/2016 23:00,1482098400,631907.8008,59390.53933,141802.3718,7393.195642,229779.5155,,19/12/2016,10,10.5,11,11.5,12,12.5,13,13.5,14,14.5,15,15.5,16,0
19/12/2016 23:00,1482184800,637325.4994,67305.09032,136588.8184,6865.55891,220527.0285,,20/12/2016,10,10.5,11,11.5,12,12.5,13,13.5,14,14.5,15,15.5,16,0
20/12/2016 23:00,1482271200,615000.3936,54139.29757,125571.2609,6209.153689,223680.2862,,21/12/2016,10,10.5,11,11.5,12,12.5,13,13.5,14,14.5,15,15.5,16,0
21/12/2016 23:00,1482357600,622695.096,61915.65798,130470.7448,6394.454684,220966.7258,,22/12/2016,9.9,10.4,10.9,11.4,11.9,12.4,12.9,13.4,13.9,14.4,14.9,15.4,15.9,0
22/12/2016 23:00,1482444000,604217.3414,56482.25592,131343.858,7003.749482,216588.5972,,23/12/2016,7.6,8.1,8.6,9.1,9.6,10.1,10.6,11.1,11.6,12.1,12.6,13.1,13.6,0
23/12/2016 23:00,1482530400,523658.5189,50791.31687,88448.24795,6482.39414,199371.3081,,24/12/2016,5.9,6.4,6.9,7.4,7.9,8.4,8.9,9.4,9.9,10.4,10.9,11.4,11.9,0
24/12/2016 23:00,1482616800,501830.6898,49981.01761,85590.21565,5986.164356,194886.3959,,25/12/2016,5.9,6.4,6.9,7.4,7.9,8.4,8.9,9.4,9.9,10.4,10.9,11.4,11.9,0
25/12/2016 23:00,1482703200,518345.5101,47016.20168,93963.30808,7047.71921,188711.7899,,26/12/2016,5.9,6.4,6.9,7.4,7.9,8.4,8.9,9.4,9.9,10.4,10.9,11.4,11.9,0
26/12/2016 23:00,1482789600,579641.4043,41720.99019,140508.4055,6755.634591,213868.7555,,27/12/2016,6.2,6.7,7.2,7.7,8.2,8.7,9.2,9.7,10.2,10.7,11.2,11.7,12.2,0
27/12/2016 23:00,1482876000,581525.8212,56293.81423,132072.4992,6667.695135,213158.9585,,28/12/2016,6.3,6.8,7.3,7.8,8.3,8.8,9.3,9.8,10.3,10.8,11.3,11.8,12.3,0
28/12/2016 23:00,1482962400,590947.9057,50715.9402,130232.052,6922.091417,211437.8577,,29/12/2016,7.6,8.1,8.6,9.1,9.6,10.1,10.6,11.1,11.6,12.1,12.6,13.1,13.6,0
29/12/2016 23:00,1483048800,620313.4024,54861.65738,160721.9175,6984.905313,205043.403,,30/12/2016,9.5,10,10.5,11,11.5,12,12.5,13,13.5,14,14.5,15,15.5,0
30/12/2016 23:00,1483135200,533499.3627,44685.80612,98441.93891,6667.695135,184484.4146,,31/12/2016,9.8,10.3,10.8,11.3,11.8,12.3,12.8,13.3,13.8,14.3,14.8,15.3,15.8,0
31/12/2016 23:00,1483221600,510650.8077,62091.53689,78008.57832,6598.599849,179710.5585,,01/01/2017,9.8,10.3,10.8,11.3,11.8,12.3,12.8,13.3,13.8,14.3,14.8,15.3,15.8,0
01/01/2017 23:00,1483308000,593565.1514,46978.51334,117845.1516,7449.728149,217951.6588,,02/01/2017,9.5,10,10.5,11,11.5,12,12.5,13,13.5,14,14.5,15,15.5,0
02/01/2017 23:00,1483394400,589639.2829,46312.68604,111796.1734,6111.792149,214226.7947,,03/01/2017,9.1,9.6,10.1,10.6,11.1,11.6,12.1,12.6,13.1,13.6,14.1,14.6,15.1,0
03/01/2017 23:00,1483480800,619580.5736,69729.70673,120188.11,6884.403079,212813.482,,04/01/2017,9.1,9.6,10.1,10.6,11.1,11.6,12.1,12.6,13.1,13.6,14.1,14.6,15.1,0
04/01/2017 23:00,1483567200,696449.0797,75338.98771,160401.5666,5106.769802,226896.3577,,05/01/2017,13.5,14,14.5,15,15.5,16,16.5,17,17.5,18,18.5,19,19.5,0
05/01/2017 23:00,1483653600,659990.8472,64032.4863,159660.3626,6118.073539,215501.9168,,06/01/2017,16.4,16.9,17.4,17.9,18.4,18.9,19.4,19.9,20.4,20.9,21.4,21.9,22.4,0
06/01/2017 23:00,1483740000,524679.2447,46199.62103,83259.82008,6108.651454,199402.7151,,07/01/2017,16.3,16.8,17.3,17.8,18.3,18.8,19.3,19.8,20.3,20.8,21.3,21.8,22.3,0
07/01/2017 23:00,1483826400,529547.3217,54390.55316,82669.36945,7041.437821,195087.4004,,08/01/2017,16.3,16.8,17.3,17.8,18.3,18.8,19.3,19.8,20.3,20.8,21.3,21.8,22.3,0
08/01/2017 23:00,1483912800,628086.6221,69139.2561,118341.3814,6975.483229,234107.393,,09/01/2017,13.1,13.6,14.1,14.6,15.1,15.6,16.1,16.6,17.1,17.6,18.1,18.6,19.1,0
09/01/2017 23:00,1483999200,607358.0362,54798.84348,119911.7288,6061.541032,224848.6246,,10/01/2017,10.7,11.2,11.7,12.2,12.7,13.2,13.7,14.2,14.7,15.2,15.7,16.2,16.7,0
10/01/2017 23:00,1484085600,594533.5323,55376.73133,119007.2087,6033.274778,221758.1809,,11/01/2017,11.6,12.1,12.6,13.1,13.6,14.1,14.6,15.1,15.6,16.1,16.6,17.1,17.6,0
11/01/2017 23:00,1484172000,582860.6165,36337.83924,118774.7973,7264.427154,221205.4186,,12/01/2017,10.1,10.6,11.1,11.6,12.1,12.6,13.1,13.6,14.1,14.6,15.1,15.6,16.1,0
12/01/2017 23:00,1484258400,606651.3799,51475.98835,132361.4431,6067.822422,221657.6787,,13/01/2017,9.9,10.4,10.9,11.4,11.9,12.4,12.9,13.4,13.9,14.4,14.9,15.4,15.9,0
13/01/2017 23:00,1484344800,524836.2794,43159.42843,96570.08479,6721.086947,203001.9514,,14/01/2017,10.5,11,11.5,12,12.5,13,13.5,14,14.5,15,15.5,16,16.5,2
14/01/2017 23:00,1484431200,502903.7605,36808.94347,90219.59984,6501.238309,193435.3949,,15/01/2017,11,11.5,12,12.5,13,13.5,14,14.5,15,15.5,16,16.5,17,0
15/01/2017 23:00,1484517600,598825.8152,36111.70922,132813.7032,6026.993389,223994.3556,,16/01/2017,11.2,11.7,12.2,12.7,13.2,13.7,14.2,14.7,15.2,15.7,16.2,16.7,17.2,0
16/01/2017 23:00,1484604000,614712.4966,52367.94568,126595.1274,7132.517971,224559.6807,,17/01/2017,11.8,12.3,12.8,13.3,13.8,14.3,14.8,15.3,15.8,16.3,16.8,17.3,17.8,0
17/01/2017 23:00,1484690400,616727.7758,42901.89145,142813.6755,6425.861633,233988.0466,,18/01/2017,12.8,13.3,13.8,14.3,14.8,15.3,15.8,16.3,16.8,17.3,17.8,18.3,18.8,0
18/01/2017 23:00,1484776800,636540.3257,45025.00116,144786.0319,7129.377276,230891.3215,,19/01/2017,12.8,13.3,13.8,14.3,14.8,15.3,15.8,16.3,16.8,17.3,17.8,18.3,18.8,0
19/01/2017 23:00,1484863200,631305.8343,45992.33517,133699.3791,7518.823435,225445.3567,,20/01/2017,10.6,11.1,11.6,12.1,12.6,13.1,13.6,14.1,14.6,15.1,15.6,16.1,16.6,0
20/01/2017 23:00,1484949600,536744.7473,61388.02125,102669.3142,7298.974797,185527.1253,,21/01/2017,7.5,8,8.5,9,9.5,10,10.5,11,11.5,12,12.5,13,13.5,0
21/01/2017 23:00,1485036000,504814.3498,39836.57329,102493.4353,6312.796619,184942.9561,,22/01/2017,7.5,8,8.5,9,9.5,10,10.5,11,11.5,12,12.5,13,13.5,0
22/01/2017 23:00,1485122400,629709.3145,53932.01171,149685.5158,6375.610515,230621.2217,,23/01/2017,7.5,8,8.5,9,9.5,10,10.5,11,11.5,12,12.5,13,13.5,0
23/01/2017 23:00,1485208800,644732.3048,64823.9414,140389.0591,6375.610515,233749.3538,,24/01/2017,8.1,8.6,9.1,9.6,10.1,10.6,11.1,11.6,12.1,12.6,13.1,13.6,14.1,0
24/01/2017 23:00,1485295200,622433.3714,62524.95278,142066.1902,6184.028131,214848.6523,,25/01/2017,8.8,9.3,9.8,10.3,10.8,11.3,11.8,12.3,12.8,13.3,13.8,14.3,14.8,0
25/01/2017 23:00,1485381600,670695.3821,75615.36885,165502.055,6083.525896,214013.2275,,26/01/2017,8.8,9.3,9.8,10.3,10.8,11.3,11.8,12.3,12.8,13.3,13.8,14.3,14.8,0
26/01/2017 23:00,1485468000,619161.8143,57801.34775,138391.5772,6651.991661,226217.9676,,27/01/2017,10.1,10.6,11.1,11.6,12.1,12.6,13.1,13.6,14.1,14.6,15.1,15.6,16.1,0
27/01/2017 23:00,1485554400,497695.4416,34133.07147,106048.7018,6202.8723,192135.1472,,28/01/2017,10.8,11.3,11.8,12.3,12.8,13.3,13.8,14.3,14.8,15.3,15.8,16.3,16.8,0
28/01/2017 23:00,1485640800,543314.034,53366.68664,108850.2016,6231.138553,197543.4237,,29/01/2017,10.2,10.7,11.2,11.7,12.2,12.7,13.2,13.7,14.2,14.7,15.2,15.7,16.2,0
29/01/2017 23:00,1485727200,643476.0268,57041.2996,150828.7288,7437.16537,232694.0803,,30/01/2017,9.7,10.2,10.7,11.2,11.7,12.2,12.7,13.2,13.7,14.2,14.7,15.2,15.7,0
30/01/2017 23:00,1485813600,628138.967,51921.96702,155175.4504,6827.870572,223535.8142,,31/01/2017,9.6,10.1,10.6,11.1,11.6,12.1,12.6,13.1,13.6,14.1,14.6,15.1,15.6,0
31/01/2017 23:00,1485900000,619502.0562,50527.49851,137242.0829,6739.931116,228573.4887,,01/02/2017,9.4,9.9,10.4,10.9,11.4,11.9,12.4,12.9,13.4,13.9,14.4,14.9,15.4,0
01/02/2017 23:00,1485986400,649260.1398,60822.69618,163429.1964,7110.533107,230200.3686,,02/02/2017,10.2,10.7,11.2,11.7,12.2,12.7,13.2,13.7,14.2,14.7,15.2,15.7,16.2,0
02/02/2017 23:00,1486072800,631070.2822,59761.14132,144704.3738,5436.54276,229515.6972,,03/02/2017,10.7,11.2,11.7,12.2,12.7,13.2,13.7,14.2,14.7,15.2,15.7,16.2,16.7,0
03/02/2017 23:00,1486159200,504500.2804,38303.91421,102273.5866,6341.062872,198988.1434,,04/02/2017,10.7,11.2,11.7,12.2,12.7,13.2,13.7,14.2,14.7,15.2,15.7,16.2,16.7,0
04/02/2017 23:00,1486245600,525883.1777,42198.37581,117907.9655,6809.026403,200219.2957,,05/02/2017,10.7,11.2,11.7,12.2,12.7,13.2,13.7,14.2,14.7,15.2,15.7,16.2,16.7,0
05/02/2017 23:00,1486332000,610001.4544,43950.88352,132499.6337,6783.900844,227574.7478,,06/02/2017,10.5,11,11.5,12,12.5,13,13.5,14,14.5,15,15.5,16,16.5,0
06/02/2017 23:00,1486418400,603772.4096,56859.1393,115960.7347,6984.905313,224006.9184,,07/02/2017,10.3,10.8,11.3,11.8,12.3,12.8,13.3,13.8,14.3,14.8,15.3,15.8,16.3,0
07/02/2017 23:00,1486504800,610001.4544,56739.79289,139848.8596,6739.931116,227788.315,,08/02/2017,10.3,10.8,11.3,11.8,12.3,12.8,13.3,13.8,14.3,14.8,15.3,15.8,16.3,0
08/02/2017 23:00,1486591200,615811.7398,43781.286,142493.3247,6130.636318,225143.85,,09/02/2017,10.3,10.8,11.3,11.8,12.3,12.8,13.3,13.8,14.3,14.8,15.3,15.8,16.3,0
09/02/2017 23:00,1486677600,624605.6854,50188.30347,142939.3033,5524.482215,220765.7214,,10/02/2017,10.3,10.8,11.3,11.8,12.3,12.8,13.3,13.8,14.3,14.8,15.3,15.8,16.3,0
10/02/2017 23:00,1486764000,522978.035,35232.31466,116551.1853,6765.056675,188077.3695,,11/02/2017,11.4,11.9,12.4,12.9,13.4,13.9,14.4,14.9,15.4,15.9,16.4,16.9,17.4,0
11/02/2017 23:00,1486850400,536797.0922,53247.34024,116061.2369,6642.569576,192650.2212,,12/02/2017,12.3,12.8,13.3,13.8,14.3,14.8,15.3,15.8,16.3,16.8,17.3,17.8,18.3,0
12/02/2017 23:00,1486936800,622014.6121,44585.30388,145784.7729,7641.310534,221808.432,,13/02/2017,12.7,13.2,13.7,14.2,14.7,15.2,15.7,16.2,16.7,17.2,17.7,18.2,18.7,0
13/02/2017 23:00,1487023200,566031.7267,40684.5609,127593.8684,7003.749482,220960.4444,,14/02/2017,11.7,12.2,12.7,13.2,13.7,14.2,14.7,15.2,15.7,16.2,16.7,17.2,17.7,0
14/02/2017 23:00,1487109600,578228.0916,46953.38779,131758.4297,6215.435079,222273.2549,,15/02/2017,8.6,9.1,9.6,10.1,10.6,11.1,11.6,12.1,12.6,13.1,13.6,14.1,14.6,0
15/02/2017 23:00,1487196000,617172.7076,60872.9473,134654.1504,6542.067342,219113.7159,,16/02/2017,6.9,7.4,7.9,8.4,8.9,9.4,9.9,10.4,10.9,11.4,11.9,12.4,12.9,0
16/02/2017 23:00,1487282400,596967.5708,69472.16975,109421.8081,6498.097614,217298.3943,,17/02/2017,6.9,7.4,7.9,8.4,8.9,9.4,9.9,10.4,10.9,11.4,11.9,12.4,12.9,0
17/02/2017 23:00,1487368800,469874.1198,40514.96337,77688.22744,6815.307792,186186.6712,,18/02/2017,7.5,8,8.5,9,9.5,10,10.5,11,11.5,12,12.5,13,13.5,0
18/02/2017 23:00,1487455200,462205.5899,29943.38456,74698.28596,6903.247248,186946.7194,,19/02/2017,8.1,8.6,9.1,9.6,10.1,10.6,11.1,11.6,12.1,12.6,13.1,13.6,14.1,0
19/02/2017 23:00,1487541600,599218.4021,57820.19192,111268.5366,6435.283717,221500.6439,,20/02/2017,8.1,8.6,9.1,9.6,10.1,10.6,11.1,11.6,12.1,12.6,13.1,13.6,14.1,0
20/02/2017 23:00,1487628000,594559.7048,55200.85242,131569.988,6812.167098,211808.4597,,21/02/2017,6.8,7.3,7.8,8.3,8.8,9.3,9.8,10.3,10.8,11.3,11.8,12.3,12.8,0
21/02/2017 23:00,1487714400,566110.244,40558.9331,130590.0912,7057.141295,216092.3674,,22/02/2017,6,6.5,7,7.5,8,8.5,9,9.5,10,10.5,11,11.5,12,0
22/02/2017 23:00,1487800800,570742.7689,57349.08769,105332.6234,7368.070083,208196.6606,,23/02/2017,6.7,7.2,7.7,8.2,8.7,9.2,9.7,10.2,10.7,11.2,11.7,12.2,12.7,0
23/02/2017 23:00,1487887200,515911.4716,49170.71834,79742.24187,6268.826891,211902.6805,,24/02/2017,7.9,8.4,8.9,9.4,9.9,10.4,10.9,11.4,11.9,12.4,12.9,13.4,13.9,0
24/02/2017 23:00,1487973600,439095.3104,27700.92845,46048.86767,7261.286459,196909.0034,,25/02/2017,8.6,9.1,9.6,10.1,10.6,11.1,11.6,12.1,12.6,13.1,13.6,14.1,14.6,0
25/02/2017 23:00,1488060000,431505.2979,47273.73866,40602.90283,6369.329126,189302.2405,,26/02/2017,8.7,9.2,9.7,10.2,10.7,11.2,11.7,12.2,12.7,13.2,13.7,14.2,14.7,0
26/02/2017 23:00,1488146400,546847.3157,64622.93693,76067.62891,6221.716469,220332.3055,,27/02/2017,8.7,9.2,9.7,10.2,10.7,11.2,11.7,12.2,12.7,13.2,13.7,14.2,14.7,0
27/02/2017 23:00,1488232800,523894.071,40477.27504,80351.53666,6849.855436,216312.2161,,28/02/2017,7.7,8.2,8.7,9.2,9.7,10.2,10.7,11.2,11.7,12.2,12.7,13.2,13.7,0
28/02/2017 23:00,1488319200,539806.9248,55068.94324,91670.60085,6589.177764,218793.365,,01/03/2017,7.5,8,8.5,9,9.5,10,10.5,11,11.5,12,12.5,13,13.5,0
01/03/2017 23:00,1488405600,558284.6794,53228.49607,102505.998,6815.307792,218567.235,,02/03/2017,6.8,7.3,7.8,8.3,8.8,9.3,9.8,10.3,10.8,11.3,11.8,12.3,12.8,0
02/03/2017 23:00,1488492000,555772.1235,55898.08668,103441.9251,6598.599849,216437.8439,,03/03/2017,5.6,6.1,6.6,7.1,7.6,8.1,8.6,9.1,9.6,10.1,10.6,11.1,11.6,0
03/03/2017 23:00,1488578400,445690.7696,25037.61923,62217.16469,6463.549971,191726.8569,,04/03/2017,6.1,6.6,7.1,7.6,8.1,8.6,9.1,9.6,10.1,10.6,11.1,11.6,12.1,8
04/03/2017 23:00,1488664800,448177.153,29334.08976,64214.6466,6573.47429,189597.4658,,05/03/2017,5.6,6.1,6.6,7.1,7.6,8.1,8.6,9.1,9.6,10.1,10.6,11.1,11.6,41
05/03/2017 23:00,1488751200,589586.9379,46790.07165,131155.4163,6108.651454,227304.648,,06/03/2017,4.4,4.9,5.4,5.9,6.4,6.9,7.4,7.9,8.4,8.9,9.4,9.9,10.4,0
06/03/2017 23:00,1488837600,573543.2218,56959.64153,117386.6102,8231.761163,210998.1604,,07/03/2017,4.4,4.9,5.4,5.9,6.4,6.9,7.4,7.9,8.4,8.9,9.4,9.9,10.4,0
07/03/2017 23:00,1488924000,547606.317,34465.98512,117543.6449,6934.654196,217424.0221,,08/03/2017,6.4,6.9,7.4,7.9,8.4,8.9,9.4,9.9,10.4,10.9,11.4,11.9,12.4,0
08/03/2017 23:00,1489010400,592178.0112,71073.92412,112562.5029,7038.297126,216915.2295,,09/03/2017,7.9,8.4,8.9,9.4,9.9,10.4,10.9,11.4,11.9,12.4,12.9,13.4,13.9,0
09/03/2017 23:00,1489096800,530437.1852,55301.35466,91425.62665,6454.127886,209327.3108,,10/03/2017,6.5,7,7.5,8,8.5,9,9.5,10,10.5,11,11.5,12,12.5,0
10/03/2017 23:00,1489183200,414179.1314,24987.36811,45778.76792,6033.274778,181865.0751,,11/03/2017,5.9,6.4,6.9,7.4,7.9,8.4,8.9,9.4,9.9,10.4,10.9,11.4,11.9,0
11/03/2017 23:00,1489269600,458776.9981,30891.8744,81362.8404,6739.931116,189459.2752,,12/03/2017,7,7.5,8,8.5,9,9.5,10,10.5,11,11.5,12,12.5,13,0
12/03/2017 23:00,1489356000,528421.906,32173.27789,122141.6221,6319.078008,217467.9918,,13/03/2017,8.7,9.2,9.7,10.2,10.7,11.2,11.7,12.2,12.7,13.2,13.7,14.2,14.7,0
13/03/2017 23:00,1489442400,495941.8869,31180.81832,92091.45396,6325.359398,209748.1639,,14/03/2017,8.3,8.8,9.3,9.8,10.3,10.8,11.3,11.8,12.3,12.8,13.3,13.8,14.3,0
14/03/2017 23:00,1489528800,503296.3473,29352.93393,99516.05655,6881.262384,213064.7376,,15/03/2017,8.3,8.8,9.3,9.8,10.3,10.8,11.3,11.8,12.3,12.8,13.3,13.8,14.3,0
15/03/2017 23:00,1489615200,496046.5768,34365.48289,83391.72926,6510.660393,207819.7772,,16/03/2017,8.3,8.8,9.3,9.8,10.3,10.8,11.3,11.8,12.3,12.8,13.3,13.8,14.3,0
16/03/2017 23:00,1489701600,516199.3686,61626.71406,75338.98771,6425.861633,212153.9361,,17/03/2017,8.3,8.8,9.3,9.8,10.3,10.8,11.3,11.8,12.3,12.8,13.3,13.8,14.3,0
17/03/2017 23:00,1489788000,414388.511,47022.48307,43643.09543,6479.253445,175709.3133,,18/03/2017,8.3,8.8,9.3,9.8,10.3,10.8,11.3,11.8,12.3,12.8,13.3,13.8,14.3,0
18/03/2017 23:00,1489874400,435588.2012,74051.30282,40860.43981,7138.79936,177618.8557,,19/03/2017,8.3,8.8,9.3,9.8,10.3,10.8,11.3,11.8,12.3,12.8,13.3,13.8,14.3,0
19/03/2017 23:00,1489960800,541796.0315,68303.83128,80112.84386,6705.383473,221400.1417,,20/03/2017,8.3,8.8,9.3,9.8,10.3,10.8,11.3,11.8,12.3,12.8,13.3,13.8,14.3,0
20/03/2017 23:00,1490047200,510336.7383,40816.47008,90615.32739,6802.745013,212725.5426,,21/03/2017,8.3,8.8,9.3,9.8,10.3,10.8,11.3,11.8,12.3,12.8,13.3,13.8,14.3,0
21/03/2017 23:00,1490133600,489896.0494,36457.18565,88109.05291,6900.106553,214025.7902,,22/03/2017,6.8,7.3,7.8,8.3,8.8,9.3,9.8,10.3,10.8,11.3,11.8,12.3,12.8,0
22/03/2017 23:00,1490220000,525673.798,51017.4469,94660.54233,7707.265126,210954.1907,,23/03/2017,5.9,6.4,6.9,7.4,7.9,8.4,8.9,9.4,9.9,10.4,10.9,11.4,11.9,0
23/03/2017 23:00,1490306400,524940.9692,27845.40041,129754.6664,6278.248976,208686.609,,24/03/2017,5.2,5.7,6.2,6.7,7.2,7.7,8.2,8.7,9.2,9.7,10.2,10.7,11.2,0
24/03/2017 23:00,1490392800,438728.896,36890.60153,55169.44548,6586.037069,193529.6157,,25/03/2017,4.4,4.9,5.4,5.9,6.4,6.9,7.4,7.9,8.4,8.9,9.4,9.9,10.4,0
25/03/2017 23:00,1490479200,473407.4015,46406.90688,67462.12506,6739.931116,189245.708,,26/03/2017,4.3,4.7,5.2,5.7,6.2,6.7,7.1,7.6,8.1,8.6,9.1,9.5,10,7
27/03/2017 00:00,1490565600,533525.5351,44114.19966,109503.4661,7072.844769,218127.5377,,,,,,,,,,,,,,,,
28/03/2017 00:00,1490652000,510964.8772,28705.95079,110395.4235,6900.106553,219408.9412,,,,,,,,,,,,,,,,